timestamp,entry_price,exit_price,label,barrier_hit,holding_bars,realized_return,side
2024-01-01 09:00:00,1.0999126768483145,1.0990811495086557,0,time,60,-0.0007559939594855569,1
2024-01-01 09:01:00,1.09973705243051,1.0991772437659295,0,time,60,-0.0005090386500510302,1
2024-01-01 09:02:00,1.0998591173278456,1.0992230067216688,0,time,60,-0.0005783564423434973,1
2024-01-01 09:03:00,1.099855447367036,1.099165542007211,0,time,60,-0.0006272691211164361,1
2024-01-01 09:04:00,1.1000170356310437,1.098902005621205,-1,lower,43,-0.001013647947005647,1
2024-01-01 09:05:00,1.1000036629685326,1.098902005621205,-1,lower,42,-0.001001503344411181,1
2024-01-01 09:06:00,1.0998984624974943,1.0992712251296484,0,time,60,-0.000570268428616294,1
2024-01-01 09:07:00,1.0998384186348131,1.0993644210896532,0,time,60,-0.0004309701653706366,1
2024-01-01 09:08:00,1.0996606956272468,1.099565436823125,0,time,60,-8.662563325279038e-05,1
2024-01-01 09:09:00,1.099593067228451,1.0994698510523715,0,time,60,-0.00011205615945741876,1
2024-01-01 09:10:00,1.099466507307748,1.0996480607980652,0,time,60,0.00016512871389018358,1
2024-01-01 09:11:00,1.0995524643658974,1.0996135384053496,0,time,60,5.554445234001726e-05,1
2024-01-01 09:12:00,1.0994277994974364,1.0997533937520465,0,time,60,0.00029614882828954414,1
2024-01-01 09:13:00,1.09933977548331,1.0996203600696373,0,time,60,0.00025523008680727877,1
2024-01-01 09:14:00,1.0994312134115898,1.0995641180325928,0,time,60,0.00012088488973360789,1
2024-01-01 09:15:00,1.0994329567775298,1.099475822636818,0,time,60,3.89890616101507e-05,1
2024-01-01 09:16:00,1.0993196565553314,1.0995114928094096,0,time,60,0.00017450452462508537,1
2024-01-01 09:17:00,1.0993136069060143,1.0996149690468364,0,time,60,0.0002741366421090685,1
2024-01-01 09:18:00,1.0992447183872,1.0996231182734078,0,time,60,0.00034423625592938656,1
2024-01-01 09:19:00,1.0992500140740338,1.0994889598135529,0,time,60,0.00021737160469403882,1
2024-01-01 09:20:00,1.099336598601304,1.099381415298265,0,time,60,4.0767038064659644e-05,1
2024-01-01 09:21:00,1.099343729993075,1.099276896022312,0,time,60,-6.079442574657978e-05,1
2024-01-01 09:22:00,1.0996125955261304,1.0992151156145864,0,time,60,-0.00036147267970665364,1
2024-01-01 09:23:00,1.0996689917788085,1.0993386448523306,0,time,60,-0.0003004057847839636,1
2024-01-01 09:24:00,1.0996315014840534,1.0991067160650014,0,time,60,-0.00047723752761152927,1
2024-01-01 09:25:00,1.0996277437719275,1.0991924766383638,0,time,60,-0.0003958313493169774,1
2024-01-01 09:26:00,1.0995676227724105,1.099364880795978,0,time,60,-0.0001843833632727554,1
2024-01-01 09:27:00,1.0995102442400988,1.0995970228530338,0,time,60,7.892478800419767e-05,1
2024-01-01 09:28:00,1.0993986420792687,1.0996228283333411,0,time,60,0.0002039171647951754,1
2024-01-01 09:29:00,1.0992387652544695,1.0996605742627663,0,time,60,0.0003837282869105785,1
2024-01-01 09:30:00,1.0991904983716103,1.0997630421008375,0,time,60,0.0005208776186433894,1
2024-01-01 09:31:00,1.0993601610663604,1.09958146801475,0,time,60,0.0002013052284657313,1
2024-01-01 09:32:00,1.0993873527039573,1.0996133215595327,0,time,60,0.00020554070866807272,1
2024-01-01 09:33:00,1.0994297167039884,1.099512597841243,0,time,60,7.538557126052225e-05,1
2024-01-01 09:34:00,1.0993453231636665,1.099502550072864,0,time,60,0.00014301867291788284,1
2024-01-01 09:35:00,1.0993363875871027,1.099493800231426,0,time,60,0.00014318878743635466,1
2024-01-01 09:36:00,1.0993990091327768,1.0997448033246886,0,time,60,0.0003145302015368223,1
2024-01-01 09:37:00,1.0993919090069086,1.0995517738938412,0,time,60,0.0001454121006556619,1
2024-01-01 09:38:00,1.0994629098580515,1.0993640039235262,0,time,60,-8.99584093637662e-05,1
2024-01-01 09:39:00,1.0994693956912365,1.0993925777083946,0,time,60,-6.986823202437265e-05,1
2024-01-01 09:40:00,1.099558357120323,1.0995358837989662,0,time,60,-2.0438498067210098e-05,1
2024-01-01 09:41:00,1.0996294161790474,1.0994374077313516,0,time,60,-0.00017461196005741364,1
2024-01-01 09:42:00,1.0996099635423973,1.0992555238226254,0,time,60,-0.00032233221917166155,1
2024-01-01 09:43:00,1.0995406898091764,1.0992125400285446,0,time,60,-0.00029844259850786425,1
2024-01-01 09:44:00,1.0993324719768798,1.099324316894691,0,time,60,-7.418212776166833e-06,1
2024-01-01 09:45:00,1.0992745989551758,1.0993164150108905,0,time,60,3.803968158133664e-05,1
2024-01-01 09:46:00,1.099032214222648,1.0994689941679552,0,time,60,0.0003974223318068404,1
2024-01-01 09:47:00,1.098902005621205,1.0993374465524364,0,time,60,0.00039625092046779997,1
2024-01-01 09:48:00,1.099139375206317,1.0994923710225146,0,time,60,0.00032115655590203573,1
2024-01-01 09:49:00,1.0991911188127628,1.0996197663530944,0,time,60,0.0003899663425179778,1
2024-01-01 09:50:00,1.099025504905254,1.0996202952650385,0,time,60,0.0005411979586731341,1
2024-01-01 09:51:00,1.0989765543749066,1.099725072749082,0,time,60,0.0006811049527812862,1
2024-01-01 09:52:00,1.0989064067247272,1.0996280109508465,0,time,60,0.0006566566740384694,1
2024-01-01 09:53:00,1.0991369855334685,1.0995680890178328,0,time,60,0.00039221997807215025,1
2024-01-01 09:54:00,1.0991202333850356,1.0998202573566398,0,time,60,0.0006368948094497284,1
2024-01-01 09:55:00,1.0990033387877942,1.0997209784081954,0,time,60,0.0006529913013664235,1
2024-01-01 09:56:00,1.0991702641313514,1.0998580086665195,0,time,60,0.0006256942692237644,1
2024-01-01 09:57:00,1.099170252193468,1.099698189925133,0,time,60,0.00048030569478330065,1
2024-01-01 09:58:00,1.0991593986419852,1.0995586785517064,0,time,60,0.0003632593327360656,1
2024-01-01 09:59:00,1.0990024246020589,1.0995701351334075,0,time,60,0.0005165689525701289,1
2024-01-01 10:00:00,1.0990811495086557,1.0995905187289765,0,time,60,0.0004634500560296573,1
2024-01-01 10:01:00,1.0991772437659295,1.0994695749247068,0,time,60,0.0002659545222893911,1
2024-01-01 10:02:00,1.0992230067216688,1.0995844557387733,0,time,60,0.00032882228164266003,1
2024-01-01 10:03:00,1.099165542007211,1.0995522290116095,0,time,60,0.0003518005155913606,1
2024-01-01 10:04:00,1.0991185333506073,1.0995229822087789,0,time,60,0.0003679756513055299,1
2024-01-01 10:05:00,1.099086899181274,1.0997370321159352,0,time,60,0.0005915209572104896,1
2024-01-01 10:06:00,1.0992712251296484,1.099659575265511,0,time,60,0.00035327963380171745,1
2024-01-01 10:07:00,1.0993644210896532,1.099654116957184,0,time,60,0.0002635121366250104,1
2024-01-01 10:08:00,1.099565436823125,1.099607003634029,0,time,60,3.780294424693409e-05,1
2024-01-01 10:09:00,1.0994698510523715,1.0994892943780428,0,time,60,1.7684273609486212e-05,1
2024-01-01 10:10:00,1.0996480607980652,1.099687777604871,0,time,60,3.6117743686947534e-05,1
2024-01-01 10:11:00,1.0996135384053496,1.09961605957084,0,time,60,2.292774144985188e-06,1
2024-01-01 10:12:00,1.0997533937520465,1.09961784317813,0,time,60,-0.00012325542679525459,1
2024-01-01 10:13:00,1.0996203600696373,1.0996009089292167,0,time,60,-1.7688959869199827e-05,1
2024-01-01 10:14:00,1.0995641180325928,1.0997508717104214,0,time,60,0.0001698433722652215,1
2024-01-01 10:15:00,1.099475822636818,1.099852089958088,0,time,60,0.0003422242795367847,1
2024-01-01 10:16:00,1.0995114928094096,1.099771993876692,0,time,60,0.00023692436958211438,1
2024-01-01 10:17:00,1.0996149690468364,1.099606770843952,0,time,60,-7.4555213552818245e-06,1
2024-01-01 10:18:00,1.0996231182734078,1.0995469313596584,0,time,60,-6.92845689429511e-05,1
2024-01-01 10:19:00,1.0994889598135529,1.0994692889651627,0,time,60,-1.7890901236050638e-05,1
2024-01-01 10:20:00,1.099381415298265,1.0993953733782902,0,time,60,1.2696303421932953e-05,1
2024-01-01 10:21:00,1.099276896022312,1.099477231454274,0,time,60,0.00018224292049340285,1
2024-01-01 10:22:00,1.0992151156145864,1.099568393809832,0,time,60,0.00032139131842989777,1
2024-01-01 10:23:00,1.0993386448523306,1.0993345045025271,0,time,60,-3.7662187377662804e-06,1
2024-01-01 10:24:00,1.0991067160650014,1.0992910665805211,0,time,60,0.00016772758534289167,1
2024-01-01 10:25:00,1.0991924766383638,1.099348739486904,0,time,60,0.0001421614975185559,1
2024-01-01 10:26:00,1.099364880795978,1.099342730892806,0,time,60,-2.014790863225091e-05,1
2024-01-01 10:27:00,1.0995970228530338,1.0993021280593054,0,time,60,-0.0002681844235657982,1
2024-01-01 10:28:00,1.0996228283333411,1.0992643430383842,0,time,60,-0.00032600750522826516,1
2024-01-01 10:29:00,1.0996605742627663,1.0992442357858718,0,time,60,-0.0003786063505765158,1
2024-01-01 10:30:00,1.0997630421008375,1.0991646863268325,0,time,60,-0.0005440769975885162,1
2024-01-01 10:31:00,1.09958146801475,1.099119395754151,0,time,60,-0.00042022558040499813,1
2024-01-01 10:32:00,1.0996133215595327,1.098953851967593,0,time,60,-0.0005997286309740169,1
2024-01-01 10:33:00,1.099512597841243,1.0988713962470384,0,time,60,-0.000583168938185441,1
2024-01-01 10:34:00,1.099502550072864,1.0990160676921683,0,time,60,-0.00044245680072629856,1
2024-01-01 10:35:00,1.099493800231426,1.0991480603534958,0,time,60,-0.0003144536857393465,1
2024-01-01 10:36:00,1.0997448033246886,1.0991694148517337,0,time,60,-0.0005232018111978043,1
2024-01-01 10:37:00,1.0995517738938412,1.099180047753104,0,time,60,-0.00033807061164647934,1
2024-01-01 10:38:00,1.0993640039235262,1.0993914577221466,0,time,60,2.497243726606868e-05,1
2024-01-01 10:39:00,1.0993925777083946,1.099296828739598,0,time,60,-8.709260980832578e-05,1
2024-01-01 10:40:00,1.0995358837989662,1.0991375075808665,0,time,60,-0.000362313066785247,1
2024-01-01 10:41:00,1.0994374077313516,1.0988473533803331,0,time,60,-0.0005366875338870258,1
2024-01-01 10:42:00,1.0992555238226254,1.0987564266474388,0,time,60,-0.00045403199198945643,1
2024-01-01 10:43:00,1.0992125400285446,1.0988849583757865,0,time,60,-0.00029801484319824656,1
2024-01-01 10:44:00,1.099324316894691,1.0989897943959817,0,time,60,-0.00030429827992362046,1
2024-01-01 10:45:00,1.0993164150108905,1.0989182262404382,0,time,60,-0.00036221488646503985,1
2024-01-01 10:46:00,1.0994689941679552,1.0988750970778147,0,time,60,-0.0005401672018863213,1
2024-01-01 10:47:00,1.0993374465524364,1.0988557814316584,0,time,60,-0.0004381412843603716,1
2024-01-01 10:48:00,1.0994923710225146,1.098693590685692,0,time,60,-0.0007264992080661115,1
2024-01-01 10:49:00,1.0996197663530944,1.098694420752885,0,time,60,-0.000841514156550982,1
2024-01-01 10:50:00,1.0996202952650385,1.0986523969670183,0,time,60,-0.000880211380408169,1
2024-01-01 10:51:00,1.099725072749082,1.098671383062825,0,time,60,-0.0009581391862085731,1
2024-01-01 10:52:00,1.0996280109508465,1.0986151699542537,0,time,60,-0.0009210760243520966,1
2024-01-01 10:53:00,1.0995680890178328,1.0984661785862722,-1,lower,60,-0.0010021302387420716,1
2024-01-01 10:54:00,1.0998202573566398,1.098693590685692,-1,lower,54,-0.001024409819160521,1
2024-01-01 10:55:00,1.0997209784081954,1.0986151699542537,-1,lower,57,-0.0010055354727727117,1
2024-01-01 10:56:00,1.0998580086665195,1.0987564266474388,-1,lower,46,-0.0010015674845303968,1
2024-01-01 10:57:00,1.099698189925133,1.0984661785862722,-1,lower,56,-0.0011203176927523373,1
2024-01-01 10:58:00,1.0995586785517064,1.0985103130697766,0,time,60,-0.0009534420512333774,1
2024-01-01 10:59:00,1.0995701351334075,1.0984661785862722,-1,lower,54,-0.0010039892062013722,1
2024-01-01 11:00:00,1.0995905187289765,1.0984661785862722,-1,lower,53,-0.0010225080369045125,1
2024-01-01 11:01:00,1.0994695749247068,1.0987389241248326,0,time,60,-0.0006645484482133979,1
2024-01-01 11:02:00,1.0995844557387733,1.0984661785862722,-1,lower,51,-0.0010169997826585675,1
2024-01-01 11:03:00,1.0995522290116095,1.0985377781363246,0,time,60,-0.0009226036276575034,1
2024-01-01 11:04:00,1.0995229822087789,1.0983537030209702,-1,lower,60,-0.0010634422442536984,1
2024-01-01 11:05:00,1.0997370321159352,1.0986151699542537,-1,lower,47,-0.0010201185637288557,1
2024-01-01 11:06:00,1.099659575265511,1.0984661785862722,-1,lower,47,-0.0010852419294858917,1
2024-01-01 11:07:00,1.099654116957184,1.0984661785862722,-1,lower,46,-0.0010802836570094065,1
2024-01-01 11:08:00,1.099607003634029,1.0984661785862722,-1,lower,45,-0.0010374843412116475,1
2024-01-01 11:09:00,1.0994892943780428,1.0983537030209702,-1,lower,55,-0.001032835301697843,1
2024-01-01 11:10:00,1.099687777604871,1.0984661785862722,-1,lower,43,-0.001110859867206604,1
2024-01-01 11:11:00,1.09961605957084,1.0984661785862722,-1,lower,42,-0.0010457113412990493,1
2024-01-01 11:12:00,1.09961784317813,1.0984661785862722,-1,lower,41,-0.0010473316698184076,1
2024-01-01 11:13:00,1.0996009089292167,1.0984661785862722,-1,lower,40,-0.0010319474399576034,1
2024-01-01 11:14:00,1.0997508717104214,1.0986151699542537,-1,lower,38,-0.001032690025879579,1
2024-01-01 11:15:00,1.099852089958088,1.098693590685692,-1,lower,33,-0.0010533227903762876,1
2024-01-01 11:16:00,1.099771993876692,1.0986523969670183,-1,lower,34,-0.0010180263872031636,1
2024-01-01 11:17:00,1.099606770843952,1.0984661785862722,-1,lower,36,-0.0010372728578276202,1
2024-01-01 11:18:00,1.0995469313596584,1.0983537030209702,-1,lower,46,-0.0010852000079820678,1
2024-01-01 11:19:00,1.0994692889651627,1.0983537030209702,-1,lower,45,-0.0010146585769962302,1
2024-01-01 11:20:00,1.0993953733782902,1.0993279469212618,0,time,60,-6.133049006851188e-05,1
2024-01-01 11:21:00,1.099477231454274,1.0983537030209702,-1,lower,43,-0.001021875124978866,1
2024-01-01 11:22:00,1.099568393809832,1.0984661785862722,-1,lower,31,-0.0010024071533566437,1
2024-01-01 11:23:00,1.0993345045025271,1.0993352971478514,0,time,60,7.210228742948743e-07,1
2024-01-01 11:24:00,1.0992910665805211,1.099470312858216,0,time,60,0.00016305624883528047,1
2024-01-01 11:25:00,1.099348739486904,1.0995588559259228,0,time,60,0.0001911281029138845,1
2024-01-01 11:26:00,1.099342730892806,1.0996273226846394,0,time,60,0.00025887449276362773,1
2024-01-01 11:27:00,1.0993021280593054,1.0993985662705292,0,time,60,8.772675751478332e-05,1
2024-01-01 11:28:00,1.0992643430383842,1.0995220340997909,0,time,60,0.00023442137738638458,1
2024-01-01 11:29:00,1.0992442357858718,1.0996227034194372,0,time,60,0.0003442980379104732,1
2024-01-01 11:30:00,1.0991646863268325,1.0996123411138805,0,time,60,0.0004072681670150846,1
2024-01-01 11:31:00,1.099119395754151,1.0994562630436615,0,time,60,0.00030648834950230963,1
2024-01-01 11:32:00,1.098953851967593,1.099563734292072,0,time,60,0.0005549662739587902,1
2024-01-01 11:33:00,1.0988713962470384,1.0994427232791375,0,time,60,0.0005199216523883443,1
2024-01-01 11:34:00,1.0990160676921683,1.0993676950344715,0,time,60,0.00031994740808616307,1
2024-01-01 11:35:00,1.0991480603534958,1.0991845659440391,0,time,60,3.3212623358203075e-05,1
2024-01-01 11:36:00,1.0991694148517337,1.099316588900772,0,time,60,0.00013389569164656834,1
2024-01-01 11:37:00,1.099180047753104,1.0993094689637244,0,time,60,0.00011774341326975524,1
2024-01-01 11:38:00,1.0993914577221466,1.0991869310474678,0,time,60,-0.00018603625964364046,1
2024-01-01 11:39:00,1.099296828739598,1.0991601176535408,0,time,60,-0.00012436230368650936,1
2024-01-01 11:40:00,1.0991375075808665,1.0990593317984998,0,time,60,-7.112466077041635e-05,1
2024-01-01 11:41:00,1.0988473533803331,1.09888186885142,0,time,60,3.141061493261432e-05,1
2024-01-01 11:42:00,1.0987564266474388,1.0988448336303207,0,time,60,8.04609472471185e-05,1
2024-01-01 11:43:00,1.0988849583757865,1.098822074650015,0,time,60,-5.722503096627918e-05,1
2024-01-01 11:44:00,1.0989897943959817,1.0986686938607673,0,time,60,-0.0002921779045189643,1
2024-01-01 11:45:00,1.0989182262404382,1.0987946120720329,0,time,60,-0.00011248714003797566,1
2024-01-01 11:46:00,1.0988750970778147,1.0988102055766955,0,time,60,-5.90526633025279e-05,1
2024-01-01 11:47:00,1.0988557814316584,1.0987892138308657,0,time,60,-6.057901493317086e-05,1
2024-01-01 11:48:00,1.098693590685692,1.0988838840993722,0,time,60,0.0001731997121794393,1
2024-01-01 11:49:00,1.098694420752885,1.0989820369523964,0,time,60,0.000261779976377996,1
2024-01-01 11:50:00,1.0986523969670183,1.098901009387059,0,time,60,0.00022628851557326968,1
2024-01-01 11:51:00,1.098671383062825,1.098868499763581,0,time,60,0.00017941370258167666,1
2024-01-01 11:52:00,1.0986151699542537,1.0988695972236269,0,time,60,0.00023158907352760494,1
2024-01-01 11:53:00,1.0984661785862722,1.0989252923422963,0,time,60,0.0004179589367194758,1
2024-01-01 11:54:00,1.098485757001053,1.0988139498892475,0,time,60,0.0002987684511179811,1
2024-01-01 11:55:00,1.0985100563863357,1.098869287215224,0,time,60,0.00032701642265342556,1
2024-01-01 11:56:00,1.098587797822559,1.0987852009075492,0,time,60,0.00017968803711565506,1
2024-01-01 11:57:00,1.0986724408623332,1.0988248699316168,0,time,60,0.00013873932176178272,1
2024-01-01 11:58:00,1.0985103130697766,1.09884954925088,0,time,60,0.0003088147439922473,1
2024-01-01 11:59:00,1.098540309161906,1.0988460033700846,0,time,60,0.0002782730916919274,1
2024-01-01 12:00:00,1.098645456425142,1.098982270737115,0,time,60,0.0003065723432462697,1
2024-01-01 12:01:00,1.0987389241248326,1.0989190601079195,0,time,60,0.0001639479398896082,1
2024-01-01 12:02:00,1.0984868958072402,1.098913954167832,0,time,60,0.00038876964506529,1
2024-01-01 12:03:00,1.0985377781363246,1.0989591480000642,0,time,60,0.00038357339376582367,1
2024-01-01 12:04:00,1.0983537030209702,1.0990171233659167,0,time,60,0.0006040133912434964,1
2024-01-01 12:05:00,1.0986244423390117,1.0989311253011658,0,time,60,0.0002791517741049798,1
2024-01-01 12:06:00,1.0986370650933297,1.0989259297288607,0,time,60,0.0002629299927237039,1
2024-01-01 12:07:00,1.098666426580476,1.0988974010639485,0,time,60,0.00021023167531519782,1
2024-01-01 12:08:00,1.0988131438913815,1.0988878681172765,0,time,60,6.80044885796871e-05,1
2024-01-01 12:09:00,1.0988429474642871,1.098792493718959,0,time,60,-4.5915337987589844e-05,1
2024-01-01 12:10:00,1.0988806948434888,1.0988251539172296,0,time,60,-5.054318136621383e-05,1
2024-01-01 12:11:00,1.0990439358684645,1.0986957911127777,0,time,60,-0.00031677055331880144,1
2024-01-01 12:12:00,1.0992306993958882,1.0989172794869555,0,time,60,-0.000285126597269314,1
2024-01-01 12:13:00,1.09938352816028,1.0990669289322568,0,time,60,-0.0002879788717163878,1
2024-01-01 12:14:00,1.099452141487753,1.0992084858961957,0,time,60,-0.00022161545952104067,1
2024-01-01 12:15:00,1.099438539983523,1.099079227963448,0,time,60,-0.0003268141028421878,1
2024-01-01 12:16:00,1.0993753704785938,1.099104166241876,0,time,60,-0.0002466893874472076,1
2024-01-01 12:17:00,1.09944289930767,1.0990766225103266,0,time,60,-0.00033314763101754963,1
2024-01-01 12:18:00,1.0996352202968174,1.0992666855816822,0,time,60,-0.00033514269853573975,1
2024-01-01 12:19:00,1.099441087912076,1.0992131599702375,0,time,60,-0.00020731255575623386,1
2024-01-01 12:20:00,1.0993279469212618,1.099262223722763,0,time,60,-5.978488828828343e-05,1
2024-01-01 12:21:00,1.0995204855088991,1.0993162673086418,0,time,60,-0.00018573387485620874,1
2024-01-01 12:22:00,1.0995473126587048,1.0992942335181977,0,time,60,-0.00023016666731257018,1
2024-01-01 12:23:00,1.0993352971478514,1.0991613321026257,0,time,60,-0.0001582456650641717,1
2024-01-01 12:24:00,1.099470312858216,1.0992393190964314,0,time,60,-0.00021009549697081908,1
2024-01-01 12:25:00,1.0995588559259228,1.099261885295665,0,time,60,-0.0002700816137829465,1
2024-01-01 12:26:00,1.0996273226846394,1.0991052913924195,0,time,60,-0.0004747347409896907,1
2024-01-01 12:27:00,1.0993985662705292,1.099022999344854,0,time,60,-0.0003416112565521878,1
2024-01-01 12:28:00,1.0995220340997909,1.0990368226554357,0,time,60,-0.00044129306126405865,1
2024-01-01 12:29:00,1.0996227034194372,1.0989956739658184,0,time,60,-0.0005702223605141832,1
2024-01-01 12:30:00,1.0996123411138805,1.0989959785964498,0,time,60,-0.0005605271006746682,1
2024-01-01 12:31:00,1.0994562630436615,1.099153030435046,0,time,60,-0.0002758023386724151,1
2024-01-01 12:32:00,1.099563734292072,1.0989445505551318,0,time,60,-0.0005631176416880379,1
2024-01-01 12:33:00,1.0994427232791375,1.0987971003539894,0,time,60,-0.0005872274302953784,1
2024-01-01 12:34:00,1.0993676950344715,1.0988313050077894,0,time,60,-0.0004879077574362345,1
2024-01-01 12:35:00,1.0991845659440391,1.0988951474930593,0,time,60,-0.00026330287009745934,1
2024-01-01 12:36:00,1.099316588900772,1.098990181262676,0,time,60,-0.00029691868692949264,1
2024-01-01 12:37:00,1.0993094689637244,1.0988426918474907,0,time,60,-0.0004246093838103926,1
2024-01-01 12:38:00,1.0991869310474678,1.09885819761894,0,time,60,-0.00029906962978032414,1
2024-01-01 12:39:00,1.0991601176535408,1.0988893885159183,0,time,60,-0.00024630545929960057,1
2024-01-01 12:40:00,1.0990593317984998,1.0988328121941044,0,time,60,-0.00020610316280622598,1
2024-01-01 12:41:00,1.09888186885142,1.098783424682386,0,time,60,-8.958576151307795e-05,1
2024-01-01 12:42:00,1.0988448336303207,1.0988740350284203,0,time,60,2.6574632928877406e-05,1
2024-01-01 12:43:00,1.098822074650015,1.098823042471769,0,time,60,8.807811349154093e-07,1
2024-01-01 12:44:00,1.0986686938607673,1.0986782063763647,0,time,60,8.658220308488396e-06,1
2024-01-01 12:45:00,1.0987946120720329,1.0987674297437515,0,time,60,-2.4738315953398704e-05,1
2024-01-01 12:46:00,1.0988102055766955,1.098741102930448,0,time,60,-6.28886097862047e-05,1
2024-01-01 12:47:00,1.0987892138308657,1.098734275796763,0,time,60,-4.9998701671882806e-05,1
2024-01-01 12:48:00,1.0988838840993722,1.0987691346940638,0,time,60,-0.00010442359467532913,1
2024-01-01 12:49:00,1.0989820369523964,1.0987603840004436,0,time,60,-0.00020168933112629794,1
2024-01-01 12:50:00,1.098901009387059,1.098748731353293,0,time,60,-0.0001385730220148096,1
2024-01-01 12:51:00,1.098868499763581,1.0988391971047002,0,time,60,-2.666621064029151e-05,1
2024-01-01 12:52:00,1.0988695972236269,1.098904676506787,0,time,60,3.19230627989775e-05,1
2024-01-01 12:53:00,1.0989252923422963,1.0988231279606744,0,time,60,-9.296754049969991e-05,1
2024-01-01 12:54:00,1.0988139498892475,1.0988426740914172,0,time,60,2.6141097109855238e-05,1
2024-01-01 12:55:00,1.098869287215224,1.099011393357322,0,time,60,0.00012932033295620649,1
2024-01-01 12:56:00,1.0987852009075492,1.099139373590439,0,time,60,0.0003223311367837045,1
2024-01-01 12:57:00,1.0988248699316168,1.099245578828571,0,time,60,0.000382871655408179,1
2024-01-01 12:58:00,1.09884954925088,1.0991901657460883,0,time,60,0.0003099755516489111,1
2024-01-01 12:59:00,1.0988460033700846,1.0990505029378963,0,time,60,0.00018610393738938136,1
2024-01-01 13:00:00,1.098982270737115,1.099047021313014,0,time,60,5.891867195950695e-05,1
2024-01-01 13:01:00,1.0989190601079195,1.0991645418228846,0,time,60,0.00022338470946259292,1
2024-01-01 13:02:00,1.098913954167832,1.0993173511937202,0,time,60,0.0003670869992669079,1
2024-01-01 13:03:00,1.0989591480000642,1.099226868228958,0,time,60,0.0002436125395388622,1
2024-01-01 13:04:00,1.0990171233659167,1.0992299477964145,0,time,60,0.00019364978577041114,1
2024-01-01 13:05:00,1.0989311253011658,1.0991273807747544,0,time,60,0.00017858760123368178,1
2024-01-01 13:06:00,1.0989259297288607,1.0990621320135792,0,time,60,0.00012394127851012016,1
2024-01-01 13:07:00,1.0988974010639485,1.0990117256687997,0,time,60,0.00010403574049822062,1
2024-01-01 13:08:00,1.0988878681172765,1.0991655605607356,0,time,60,0.00025270316609726784,1
2024-01-01 13:09:00,1.098792493718959,1.09917412619155,0,time,60,0.0003473198759296192,1
2024-01-01 13:10:00,1.0988251539172296,1.0991673922934313,0,time,60,0.0003114584472168058,1
2024-01-01 13:11:00,1.0986957911127777,1.0991855943488045,0,time,60,0.0004458042344284152,1
2024-01-01 13:12:00,1.0989172794869555,1.0992867914114397,0,time,60,0.0003362509002102776,1
2024-01-01 13:13:00,1.0990669289322568,1.0991919589548638,0,time,60,0.00011376015355901714,1
2024-01-01 13:14:00,1.0992084858961957,1.0994737932699763,0,time,60,0.00024136219578418938,1
2024-01-01 13:15:00,1.099079227963448,1.0993912672663324,0,time,60,0.0002839097445801464,1
2024-01-01 13:16:00,1.099104166241876,1.099578558447947,0,time,60,0.00043161714843931165,1
2024-01-01 13:17:00,1.0990766225103266,1.099401491294584,0,time,60,0.00029558338117996463,1
2024-01-01 13:18:00,1.0992666855816822,1.0995181514855543,0,time,60,0.00022875786846854318,1
2024-01-01 13:19:00,1.0992131599702375,1.0995838218297906,0,time,60,0.00033720653377478094,1
2024-01-01 13:20:00,1.099262223722763,1.0996924887252324,0,time,60,0.0003914125248589695,1
2024-01-01 13:21:00,1.0993162673086418,1.100039806483224,0,time,60,0.000658171989352585,1
2024-01-01 13:22:00,1.0992942335181977,1.1000468135802186,0,time,60,0.0006846029380254137,1
2024-01-01 13:23:00,1.0991613321026257,1.100145952775144,0,time,60,0.0008957926773449643,1
2024-01-01 13:24:00,1.0992393190964314,1.100185805740797,0,time,60,0.0008610378358222537,1
2024-01-01 13:25:00,1.099261885295665,1.1002139950274867,0,time,60,0.0008661354901480234,1
2024-01-01 13:26:00,1.0991052913924195,1.1003586833851176,0,time,60,0.0011403748144185322,1
2024-01-01 13:27:00,1.099022999344854,1.100301206305193,0,time,60,0.0011630393186501387,1
2024-01-01 13:28:00,1.0990368226554357,1.1003384855284997,0,time,60,0.0011843669349667074,1
2024-01-01 13:29:00,1.0989956739658184,1.100310380412752,0,time,60,0.0011962799109022093,1
2024-01-01 13:30:00,1.0989959785964498,1.1003588340344548,0,time,60,0.0012400913784467171,1
2024-01-01 13:31:00,1.099153030435046,1.100272558617185,0,time,60,0.0010185371382689379,1
2024-01-01 13:32:00,1.0989445505551318,1.100177142193833,0,time,60,0.0011216140414713749,1
2024-01-01 13:33:00,1.0987971003539894,1.100344405212505,0,time,60,0.0014081806896080185,1
2024-01-01 13:34:00,1.0988313050077894,1.100439805015892,0,time,60,0.0014638279786642894,1
2024-01-01 13:35:00,1.0988951474930593,1.100635596065847,0,time,60,0.0015838167788420066,1
2024-01-01 13:36:00,1.098990181262676,1.100530775292708,0,time,60,0.001401826928300709,1
2024-01-01 13:37:00,1.0988426918474907,1.100548709278106,0,time,60,0.0015525583809881116,1
2024-01-01 13:38:00,1.09885819761894,1.1004855467552077,0,time,60,0.0014809455303641528,1
2024-01-01 13:39:00,1.0988893885159183,1.100970745453186,0,time,60,0.0018940549968169407,1
2024-01-01 13:40:00,1.0988328121941044,1.1008644734270268,0,time,60,0.0018489266159293916,1
2024-01-01 13:41:00,1.098783424682386,1.1008346887077067,0,time,60,0.0018668501719651953,1
2024-01-01 13:42:00,1.0988740350284203,1.1008982291895073,0,time,60,0.0018420620531220955,1
2024-01-01 13:43:00,1.098823042471769,1.1007299302496274,0,time,60,0.0017353911450279647,1
2024-01-01 13:44:00,1.0986782063763647,1.100970745453186,1,upper,55,0.0020866337964258186,1
2024-01-01 13:45:00,1.0987674297437515,1.100970745453186,1,upper,54,0.002005261213420262,1
2024-01-01 13:46:00,1.098741102930448,1.100970745453186,1,upper,53,0.0020292701499848853,1
2024-01-01 13:47:00,1.098734275796763,1.100970745453186,1,upper,52,0.0020354963940678594,1
2024-01-01 13:48:00,1.0987691346940638,1.100970745453186,1,upper,51,0.002003706410751427,1
2024-01-01 13:49:00,1.0987603840004436,1.100970745453186,1,upper,50,0.0020116865195802802,1
2024-01-01 13:50:00,1.098748731353293,1.100970745453186,1,upper,49,0.002022313233669193,1
2024-01-01 13:51:00,1.0988391971047002,1.1006989996317116,0,time,60,0.0016925156400606767,1
2024-01-01 13:52:00,1.098904676506787,1.1006089217337058,0,time,60,0.0015508581074896721,1
2024-01-01 13:53:00,1.0988231279606744,1.101032391644338,1,upper,54,0.002010572609409733,1
2024-01-01 13:54:00,1.0988426740914172,1.1003146631152847,0,time,60,0.0013395812326679746,1
2024-01-01 13:55:00,1.099011393357322,1.1002932801508007,0,time,60,0.0011663999128914693,1
2024-01-01 13:56:00,1.099139373590439,1.1002709375773143,0,time,60,0.001029500001604955,1
2024-01-01 13:57:00,1.099245578828571,1.100348607106536,0,time,60,0.001003441177485076,1
2024-01-01 13:58:00,1.0991901657460883,1.1004385510967722,0,time,60,0.001135731913900928,1
2024-01-01 13:59:00,1.0990505029378963,1.1005859742270667,0,time,60,0.0013970889281846866,1
2024-01-01 14:00:00,1.099047021313014,1.1005502672185856,0,time,60,0.0013677721484344207,1
2024-01-01 14:01:00,1.0991645418228846,1.1005623414909689,0,time,60,0.0012716928311444775,1
2024-01-01 14:02:00,1.0993173511937202,1.1005928058143548,0,time,60,0.0011602242239237004,1
2024-01-01 14:03:00,1.099226868228958,1.100378430414545,0,time,60,0.0010476110245032366,1
2024-01-01 14:04:00,1.0992299477964145,1.1005257725757809,0,time,60,0.0011788477760854565,1
2024-01-01 14:05:00,1.0991273807747544,1.1006607306797904,0,time,60,0.0013950611474671248,1
2024-01-01 14:06:00,1.0990621320135792,1.1007210744893092,0,time,60,0.0015094164628262075,1
2024-01-01 14:07:00,1.0990117256687997,1.1006432611303016,0,time,60,0.0014845478200053996,1
2024-01-01 14:08:00,1.0991655605607356,1.1007029396855423,0,time,60,0.0013986783974768713,1
2024-01-01 14:09:00,1.09917412619155,1.1007213302295935,0,time,60,0.0014076059481169523,1
2024-01-01 14:10:00,1.0991673922934313,1.1007066528228844,0,time,60,0.001400387730063013,1
2024-01-01 14:11:00,1.0991855943488045,1.1005157426734615,0,time,60,0.0012101216859969899,1
2024-01-01 14:12:00,1.0992867914114397,1.1006450431208932,0,time,60,0.001235575393123245,1
2024-01-01 14:13:00,1.0991919589548638,1.100742567227912,0,time,60,0.0014106801459161655,1
2024-01-01 14:14:00,1.0994737932699763,1.1008966165223166,0,time,60,0.0012940947397288571,1
2024-01-01 14:15:00,1.0993912672663324,1.100955901618009,0,time,60,0.0014231824449244534,1
2024-01-01 14:16:00,1.099578558447947,1.1008921593163052,0,time,60,0.0011946403085674184,1
2024-01-01 14:17:00,1.099401491294584,1.1009234930962617,0,time,60,0.0013843912471735997,1
2024-01-01 14:18:00,1.0995181514855543,1.1008615178290573,0,time,60,0.001221777322810036,1
2024-01-01 14:19:00,1.0995838218297906,1.1008171312523132,0,time,60,0.0011216147400843202,1
2024-01-01 14:20:00,1.0996924887252324,1.1007554215562096,0,time,60,0.0009665727845511451,1
2024-01-01 14:21:00,1.100039806483224,1.1006334386870165,0,time,60,0.0005396461112532336,1
2024-01-01 14:22:00,1.1000468135802186,1.100450613778071,0,time,60,0.00036707546703240723,1
2024-01-01 14:23:00,1.100145952775144,1.1004668919799456,0,time,60,0.00029172420622192163,1
2024-01-01 14:24:00,1.100185805740797,1.1005716270898824,0,time,60,0.0003506874448591102,1
2024-01-01 14:25:00,1.1002139950274867,1.100402229439153,0,time,60,0.00017108890862771453,1
2024-01-01 14:26:00,1.1003586833851176,1.1005229325456087,0,time,60,0.00014926874570209137,1
2024-01-01 14:27:00,1.100301206305193,1.1004361250592725,0,time,60,0.00012261983655603714,1
2024-01-01 14:28:00,1.1003384855284997,1.1003793179828132,0,time,60,3.7108994050960575e-05,1
2024-01-01 14:29:00,1.100310380412752,1.1002888686798216,0,time,60,-1.9550604368978597e-05,1
2024-01-01 14:30:00,1.1003588340344548,1.1004321784359097,0,time,60,6.665498488889199e-05,1
2024-01-01 14:31:00,1.100272558617185,1.1003464132698362,0,time,60,6.71239613063701e-05,1
2024-01-01 14:32:00,1.100177142193833,1.100221492033491,0,time,60,4.0311544347915174e-05,1
2024-01-01 14:33:00,1.100344405212505,1.1002105144396357,0,time,60,-0.00012168078670204974,1
2024-01-01 14:34:00,1.100439805015892,1.1000734286160363,0,time,60,-0.0003329363388943074,1
2024-01-01 14:35:00,1.100635596065847,1.1000836819956676,0,time,60,-0.0005014503184814778,1
2024-01-01 14:36:00,1.100530775292708,1.1001882070260427,0,time,60,-0.0003112754993828126,1
2024-01-01 14:37:00,1.100548709278106,1.100190134085852,0,time,60,-0.0003258149223483997,1
2024-01-01 14:38:00,1.1004855467552077,1.100167195681053,0,time,60,-0.00028928237639591625,1
2024-01-01 14:39:00,1.100970745453186,1.1002340505311532,0,time,60,-0.000669132150036944,1
2024-01-01 14:40:00,1.1008644734270268,1.1002128495493393,0,time,60,-0.0005919201622148762,1
2024-01-01 14:41:00,1.1008346887077067,1.100197469626596,0,time,60,-0.0005788508371395995,1
2024-01-01 14:42:00,1.1008982291895073,1.1001453849663296,0,time,60,-0.0006838454302282582,1
2024-01-01 14:43:00,1.1007299302496274,1.1002638127410505,0,time,60,-0.00042346219155797726,1
2024-01-01 14:44:00,1.100802957806574,1.1002526413470404,0,time,60,-0.000499922766041716,1
2024-01-01 14:45:00,1.1008897616550282,1.1004248094363178,0,time,60,-0.00042234221345771594,1
2024-01-01 14:46:00,1.100777821589913,1.1003339450488625,0,time,60,-0.00040323899368677196,1
2024-01-01 14:47:00,1.101032391644338,1.100277142313149,0,time,60,-0.000685946514308422,1
2024-01-01 14:48:00,1.101015545256477,1.1001989175222642,0,time,60,-0.0007417040910376871,1
2024-01-01 14:49:00,1.100876836715478,1.099966284025055,0,time,60,-0.0008271158589725491,1
2024-01-01 14:50:00,1.1008169010190307,1.1000586316344936,0,time,60,-0.0006888242575447956,1
2024-01-01 14:51:00,1.1006989996317116,1.0999189929665891,0,time,60,-0.0007086466557918447,1
2024-01-01 14:52:00,1.1006089217337058,1.1000038347553198,0,time,60,-0.0005497747350919902,1
2024-01-01 14:53:00,1.100428108600353,1.0999880989547337,0,time,60,-0.0003998531500425395,1
2024-01-01 14:54:00,1.1003146631152847,1.0999442366226757,0,time,60,-0.00033665505425528597,1
2024-01-01 14:55:00,1.1002932801508007,1.1001187410336033,0,time,60,-0.00015862963115931272,1
2024-01-01 14:56:00,1.1002709375773143,1.1000310072516597,0,time,60,-0.00021806476701358157,1
2024-01-01 14:57:00,1.100348607106536,1.100077015398086,0,time,60,-0.00024682333098424714,1
2024-01-01 14:58:00,1.1004385510967722,1.1001505974591843,0,time,60,-0.0002616717101567856,1
2024-01-01 14:59:00,1.1005859742270667,1.1002257643795836,0,time,60,-0.0003272891495242902,1
2024-01-01 15:00:00,1.1005502672185856,1.1002135174502794,0,time,60,-0.00030598308713081224,1
2024-01-01 15:01:00,1.1005623414909689,1.100191659403562,0,time,60,-0.0003368115311893627,1
2024-01-01 15:02:00,1.1005928058143548,1.1001340627436185,0,time,60,-0.0004168145278733437,1
2024-01-01 15:03:00,1.100378430414545,1.1000077747501107,0,time,60,-0.0003368438113555694,1
2024-01-01 15:04:00,1.1005257725757809,1.1000441423425502,0,time,60,-0.00043763648724315374,1
2024-01-01 15:05:00,1.1006607306797904,1.1000190399321683,0,time,60,-0.0005830050348264448,1
2024-01-01 15:06:00,1.1007210744893092,1.0999251815989504,0,time,60,-0.0007230650060262578,1
2024-01-01 15:07:00,1.1006432611303016,1.099993760441313,0,time,60,-0.0005901100855526531,1
2024-01-01 15:08:00,1.1007029396855423,1.0998456225178033,0,time,60,-0.000778881510013929,1
2024-01-01 15:09:00,1.1007213302295935,1.099708360585886,0,time,60,-0.0009202780175944225,1
2024-01-01 15:10:00,1.1007066528228844,1.0997608851698095,0,time,60,-0.0008592367917912291,1
2024-01-01 15:11:00,1.1005157426734615,1.0996263725898952,0,time,60,-0.0008081393560130934,1
2024-01-01 15:12:00,1.1006450431208932,1.099470620272575,-1,lower,60,-0.0010670314245799783,1
2024-01-01 15:13:00,1.100742567227912,1.0996263725898952,-1,lower,58,-0.0010140378606670053,1
2024-01-01 15:14:00,1.1008966165223166,1.099708360585886,-1,lower,55,-0.0010793528825480125,1
2024-01-01 15:15:00,1.100955901618009,1.0998456225178033,-1,lower,53,-0.0010084682761353214,1
2024-01-01 15:16:00,1.1008921593163052,1.099708360585886,-1,lower,53,-0.0010753085308141674,1
2024-01-01 15:17:00,1.1009234930962617,1.099708360585886,-1,lower,52,-0.0011037392861499296,1
2024-01-01 15:18:00,1.1008615178290573,1.099708360585886,-1,lower,51,-0.0010475043631694714,1
2024-01-01 15:19:00,1.1008171312523132,1.099708360585886,-1,lower,50,-0.0010072251193673498,1
2024-01-01 15:20:00,1.1007554215562096,1.0996263725898952,-1,lower,51,-0.0010257037523542234,1
2024-01-01 15:21:00,1.1006334386870165,1.099470620272575,-1,lower,51,-0.0010564992608516066,1
2024-01-01 15:22:00,1.100450613778071,1.0993397688269322,-1,lower,57,-0.001009445528250441,1
2024-01-01 15:23:00,1.1004668919799456,1.0993397688269322,-1,lower,56,-0.0010242226833244716,1
2024-01-01 15:24:00,1.1005716270898824,1.099470620272575,-1,lower,48,-0.0010003954219850453,1
2024-01-01 15:25:00,1.100402229439153,1.0991543227439895,-1,lower,55,-0.001134045953177898,1
2024-01-01 15:26:00,1.1005229325456087,1.099420133808571,-1,lower,51,-0.0010020679300947188,1
2024-01-01 15:27:00,1.1004361250592725,1.0991543227439895,-1,lower,53,-0.0011648130101271637,1
2024-01-01 15:28:00,1.1003793179828132,1.0991543227439895,-1,lower,52,-0.001113248148892243,1
2024-01-01 15:29:00,1.1002888686798216,1.0991543227439895,-1,lower,51,-0.0010311346121254505,1
2024-01-01 15:30:00,1.1004321784359097,1.0991543227439895,-1,lower,50,-0.0011612307572980152,1
2024-01-01 15:31:00,1.1003464132698362,1.0991543227439895,-1,lower,49,-0.0010833774813735486,1
2024-01-01 15:32:00,1.100221492033491,1.0991041272202793,-1,lower,52,-0.0010155816999597445,1
2024-01-01 15:33:00,1.1002105144396357,1.0991041272202793,-1,lower,51,-0.0010056141118773843,1
2024-01-01 15:34:00,1.1000734286160363,1.0989111253281427,-1,lower,53,-0.0010565688231882753,1
2024-01-01 15:35:00,1.1000836819956676,1.0989111253281427,-1,lower,52,-0.0010658795205450433,1
2024-01-01 15:36:00,1.1001882070260427,1.0989111253281427,-1,lower,51,-0.0011607847545940242,1
2024-01-01 15:37:00,1.100190134085852,1.0989111253281427,-1,lower,50,-0.001162534291195061,1
2024-01-01 15:38:00,1.100167195681053,1.0989111253281427,-1,lower,49,-0.0011417086037842639,1
2024-01-01 15:39:00,1.1002340505311532,1.0991041272202793,-1,lower,45,-0.0010269844950976381,1
2024-01-01 15:40:00,1.1002128495493393,1.0991041272202793,-1,lower,44,-0.0010077343938621475,1
2024-01-01 15:41:00,1.100197469626596,1.0989111253281427,-1,lower,46,-0.0011691940164976211,1
2024-01-01 15:42:00,1.1001453849663296,1.0989111253281427,-1,lower,45,-0.0011219059363001271,1
2024-01-01 15:43:00,1.1002638127410505,1.0991543227439895,-1,lower,37,-0.0010083854292153305,1
2024-01-01 15:44:00,1.1002526413470404,1.099144214730197,-1,lower,38,-0.001007429180525543,1
2024-01-01 15:45:00,1.1004248094363178,1.0991543227439895,-1,lower,35,-0.0011545420290725028,1
2024-01-01 15:46:00,1.1003339450488625,1.0991543227439895,-1,lower,34,-0.0010720584511465514,1
2024-01-01 15:47:00,1.100277142313149,1.0991543227439895,-1,lower,33,-0.00102048795342502,1
2024-01-01 15:48:00,1.1001989175222642,1.0989111253281427,-1,lower,39,-0.0011705085086083367,1
2024-01-01 15:49:00,1.099966284025055,1.098842776485388,-1,lower,45,-0.0010214017974766731,1
2024-01-01 15:50:00,1.1000586316344936,1.0989111253281427,-1,lower,37,-0.0010431319507451242,1
2024-01-01 15:51:00,1.0999189929665891,1.1002068297275442,0,time,60,0.0002616890541899952,1
2024-01-01 15:52:00,1.1000038347553198,1.098888563754088,-1,lower,41,-0.0010138791938666403,1
2024-01-01 15:53:00,1.0999880989547337,1.098842776485388,-1,lower,41,-0.0010412135098861741,1
2024-01-01 15:54:00,1.0999442366226757,1.098842776485388,-1,lower,40,-0.0010013781613780193,1
2024-01-01 15:55:00,1.1001187410336033,1.0989111253281427,-1,lower,32,-0.0010977139652452728,1
2024-01-01 15:56:00,1.1000310072516597,1.0989111253281427,-1,lower,31,-0.0010180457788321329,1
2024-01-01 15:57:00,1.100077015398086,1.0989111253281427,-1,lower,30,-0.00105982586093889,1
2024-01-01 15:58:00,1.1001505974591843,1.0989111253281427,-1,lower,29,-0.0011266386019370689,1
2024-01-01 15:59:00,1.1002257643795836,1.0991041272202793,-1,lower,25,-0.0010194609103131302,1
2024-01-01 16:00:00,1.1002135174502794,1.0991041272202793,-1,lower,24,-0.0010083408469395705,1
2024-01-01 16:01:00,1.100191659403562,1.0989111253281427,-1,lower,26,-0.0011639190903459662,1
2024-01-01 16:02:00,1.1001340627436185,1.0989111253281427,-1,lower,25,-0.001111625807154737,1
2024-01-01 16:03:00,1.1000077747501107,1.098888563754088,-1,lower,30,-0.001017457350496409,1
2024-01-01 16:04:00,1.1000441423425502,1.0989111253281427,-1,lower,23,-0.0010299741353967384,1
2024-01-01 16:05:00,1.1000190399321683,1.0989111253281427,-1,lower,22,-0.0010071776613010952,1
2024-01-01 16:06:00,1.0999251815989504,1.0995111905594104,0,time,60,-0.000376381090701261,1
2024-01-01 16:07:00,1.099993760441313,1.098888563754088,-1,lower,26,-0.001004729960269679,1
2024-01-01 16:08:00,1.0998456225178033,1.099489954791917,0,time,60,-0.00032337968038831377,1
2024-01-01 16:09:00,1.099708360585886,1.0994140002774204,0,time,60,-0.00026767124722837377,1
2024-01-01 16:10:00,1.0997608851698095,1.0992709519336394,0,time,60,-0.00044549069054622414,1
2024-01-01 16:11:00,1.0996263725898952,1.0993768815833078,0,time,60,-0.00022688707074181025,1
2024-01-01 16:12:00,1.099470620272575,1.0995212376454022,0,time,60,4.6037949440247417e-05,1
2024-01-01 16:13:00,1.0996600570731625,1.0994270639930366,0,time,60,-0.00021187736939909385,1
2024-01-01 16:14:00,1.099663953621377,1.0994402873916946,0,time,60,-0.00020339507259992118,1
2024-01-01 16:15:00,1.0995650461062774,1.0994723311463006,0,time,60,-8.43196683134595e-05,1
2024-01-01 16:16:00,1.099506384544343,1.0995409969417964,0,time,60,3.147994221786021e-05,1
2024-01-01 16:17:00,1.099420133808571,1.099674775131106,0,time,60,0.00023161420707573654,1
2024-01-01 16:18:00,1.099457528410731,1.099893330756799,0,time,60,0.00039637942786008296,1
2024-01-01 16:19:00,1.0993397688269322,1.0998182279851805,0,time,60,0.00043522409705865073,1
2024-01-01 16:20:00,1.0991543227439895,1.099838127584111,0,time,60,0.000622119047318348,1
2024-01-01 16:21:00,1.0992651607025858,1.0997769730444709,0,time,60,0.0004655949812490956,1
2024-01-01 16:22:00,1.099144214730197,1.0998629139099998,0,time,60,0.0006538715940738182,1
2024-01-01 16:23:00,1.0992426259004229,1.0998748982532536,0,time,60,0.0005751890783098901,1
2024-01-01 16:24:00,1.0991041272202793,1.0997115094481642,0,time,60,0.0005526157284305722,1
2024-01-01 16:25:00,1.099168747417135,1.0997056523027808,0,time,60,0.0004884644754570289,1
2024-01-01 16:26:00,1.0991306591371146,1.0996474055880183,0,time,60,0.0004701410579424081,1
2024-01-01 16:27:00,1.0989111253281427,1.0999162596248406,0,time,60,0.0009146638645576299,1
2024-01-01 16:28:00,1.0990526630997557,1.099954705708341,0,time,60,0.0008207455737754277,1
2024-01-01 16:29:00,1.0990426013855854,1.0998129201432292,0,time,60,0.0007008998165063396,1
2024-01-01 16:30:00,1.0991997772419333,1.099922815333123,0,time,60,0.000657785878563466,1
2024-01-01 16:31:00,1.0989794142182294,1.0999499198780784,0,time,60,0.0008830972148277105,1
2024-01-01 16:32:00,1.0989649274337412,1.09993677577738,0,time,60,0.0008843306272823259,1
2024-01-01 16:33:00,1.098888563754088,1.0999706023498503,0,time,60,0.000984666354217012,1
2024-01-01 16:34:00,1.098842776485388,1.099956872220276,0,time,60,0.0010138809288542383,1
2024-01-01 16:35:00,1.0991103885550275,1.1000172806189448,0,time,60,0.0008251146321249792,1
2024-01-01 16:36:00,1.0993256333445138,1.0999622737780732,0,time,60,0.0005791190655879408,1
2024-01-01 16:37:00,1.0993464574875071,1.1000624781254282,0,time,60,0.0006513148180398165,1
2024-01-01 16:38:00,1.0995898018087007,1.1001777495254377,0,time,60,0.0005346973169175762,1
2024-01-01 16:39:00,1.099543844511872,1.10024602918235,0,time,60,0.0006386145254533293,1
2024-01-01 16:40:00,1.099641891549359,1.1001866865231134,0,time,60,0.0004954294465688847,1
2024-01-01 16:41:00,1.0997004277568645,1.1000042815270754,0,time,60,0.00027630594891259186,1
2024-01-01 16:42:00,1.0997637303495296,1.100091045897707,0,time,60,0.0002976235159830587,1
2024-01-01 16:43:00,1.0997855292339913,1.100055299951027,0,time,60,0.0002452939321937464,1
2024-01-01 16:44:00,1.0997901537007444,1.099839097771233,0,time,60,4.450309936299135e-05,1
2024-01-01 16:45:00,1.0998460430642396,1.0997957798644449,0,time,60,-4.57002142361107e-05,1
2024-01-01 16:46:00,1.0999514432902229,1.0998200567526106,0,time,60,-0.00011944757963067154,1
2024-01-01 16:47:00,1.0999487406948036,1.0998145640101378,0,time,60,-0.00012198448864186862,1
2024-01-01 16:48:00,1.1000349959588471,1.099911361029519,0,time,60,-0.00011239181460798164,1
2024-01-01 16:49:00,1.1000727064925035,1.099908591748409,0,time,60,-0.00014918536122743298,1
2024-01-01 16:50:00,1.1001755932542097,1.099693918442766,0,time,60,-0.00043781630350370193,1
2024-01-01 16:51:00,1.1002068297275442,1.0996315138655277,0,time,60,-0.000522916097656867,1
2024-01-01 16:52:00,1.1001365889991437,1.099634059417269,0,time,60,-0.00045678835419127317,1
2024-01-01 16:53:00,1.0999787212558962,1.099569449056812,0,time,60,-0.0003720728330244283,1
2024-01-01 16:54:00,1.0999538954440058,1.0995235510392647,0,time,60,-0.00039123858420209157,1
2024-01-01 16:55:00,1.0998019743480327,1.0995526425448516,0,time,60,-0.00022670608800179348,1
2024-01-01 16:56:00,1.0999102084615788,1.0995616973197735,0,time,60,-0.0003168541751173981,1
2024-01-01 16:57:00,1.0997123841813343,1.0995478157663516,0,time,60,-0.00014964677796658332,1
2024-01-01 16:58:00,1.099688964193171,1.0992601434848257,0,time,60,-0.00038994726900798415,1
2024-01-01 16:59:00,1.0996182016809166,1.0993749995526136,0,time,60,-0.00022116960953466602,1
2024-01-01 17:00:00,1.099655725575091,1.0995293316275108,0,time,60,-0.00011493956211983125,1
2024-01-01 17:01:00,1.099727720606936,1.0996305588212991,0,time,60,-8.835076520874452e-05,1
2024-01-01 17:02:00,1.099750262540719,1.0996790879381488,0,time,60,-6.471887754377903e-05,1
2024-01-01 17:03:00,1.0997504661809363,1.0998211693507225,0,time,60,6.429019305786987e-05,1
2024-01-01 17:04:00,1.0997271124033772,1.099867762662042,0,time,60,0.00012789559980697085,1
2024-01-01 17:05:00,1.0996813397147585,1.100011124215868,0,time,60,0.0002998909676827921,1
2024-01-01 17:06:00,1.0995111905594104,1.1000187250010542,0,time,60,0.0004616000691959332,1
2024-01-01 17:07:00,1.0993479279099136,1.0999786958207256,0,time,60,0.0005737654975264128,1
2024-01-01 17:08:00,1.099489954791917,1.099752987829046,0,time,60,0.0002392318692703288,1
2024-01-01 17:09:00,1.0994140002774204,1.099645003621978,0,time,60,0.00021011497443113036,1
2024-01-01 17:10:00,1.0992709519336394,1.099616004432179,0,time,60,0.00031389212817156675,1
2024-01-01 17:11:00,1.0993768815833078,1.0994418608765426,0,time,60,5.910556636523623e-05,1
2024-01-01 17:12:00,1.0995212376454022,1.0995407712952483,0,time,60,1.776559576782688e-05,1
2024-01-01 17:13:00,1.0994270639930366,1.099140760579173,0,time,60,-0.0002604114663357082,1
2024-01-01 17:14:00,1.0994402873916946,1.0991456992327873,0,time,60,-0.0002679437549139019,1
2024-01-01 17:15:00,1.0994723311463006,1.0992440835376067,0,time,60,-0.0002075974103468159,1
2024-01-01 17:16:00,1.0995409969417964,1.0991415506647246,0,time,60,-0.00036328456890899474,1
2024-01-01 17:17:00,1.099674775131106,1.099340784625743,0,time,60,-0.0003037175289605232,1
2024-01-01 17:18:00,1.099893330756799,1.0991705010992738,0,time,60,-0.0006571815987173046,1
2024-01-01 17:19:00,1.0998182279851805,1.0991019502671069,0,time,60,-0.0006512691823500338,1
2024-01-01 17:20:00,1.099838127584111,1.099032062970623,0,time,60,-0.0007328938625346115,1
2024-01-01 17:21:00,1.0997769730444709,1.0989468563787017,0,time,60,-0.0007548045523004809,1
2024-01-01 17:22:00,1.0998629139099998,1.0990228127537425,0,time,60,-0.0007638235143967442,1
2024-01-01 17:23:00,1.0998748982532536,1.0988663773277874,0,time,60,-0.0009169414876799564,1
2024-01-01 17:24:00,1.0997115094481642,1.098759468490833,0,time,60,-0.0008657188263937465,1
2024-01-01 17:25:00,1.0997056523027808,1.0987339190324203,0,time,60,-0.0008836303317398819,1
2024-01-01 17:26:00,1.0996474055880183,1.098659259430719,0,time,60,-0.0008986027269085595,1
2024-01-01 17:27:00,1.0999162596248406,1.098759468490833,-1,lower,57,-0.0010517083676916394,1
2024-01-01 17:28:00,1.099954705708341,1.098759468490833,-1,lower,56,-0.001086624032157979,1
2024-01-01 17:29:00,1.0998129201432292,1.098659259430719,-1,lower,57,-0.001048960865416948,1
2024-01-01 17:30:00,1.099922815333123,1.098759468490833,-1,lower,54,-0.001057662252362368,1
2024-01-01 17:31:00,1.0999499198780784,1.098759468490833,-1,lower,53,-0.0010822778071363226,1
2024-01-01 17:32:00,1.09993677577738,1.098759468490833,-1,lower,52,-0.001070340870923947,1
2024-01-01 17:33:00,1.0999706023498503,1.0988663773277874,-1,lower,50,-0.0010038677576510446,1
2024-01-01 17:34:00,1.099956872220276,1.098759468490833,-1,lower,50,-0.0010885915254349454,1
2024-01-01 17:35:00,1.1000172806189448,1.0988663773277874,-1,lower,48,-0.0010462592828631712,1
2024-01-01 17:36:00,1.0999622737780732,1.098759468490833,-1,lower,48,-0.001093496855222864,1
2024-01-01 17:37:00,1.1000624781254282,1.0989468563787017,-1,lower,44,-0.0010141439862830781,1
2024-01-01 17:38:00,1.1001777495254377,1.099032062970623,-1,lower,42,-0.0010413649569889216,1
2024-01-01 17:39:00,1.10024602918235,1.099140760579173,-1,lower,34,-0.00100456495534762,1
2024-01-01 17:40:00,1.1001866865231134,1.099032062970623,-1,lower,40,-0.0010494796625283298,1
2024-01-01 17:41:00,1.1000042815270754,1.0988663773277874,-1,lower,42,-0.0010344543365852221,1
2024-01-01 17:42:00,1.100091045897707,1.0989468563787017,-1,lower,39,-0.0010400862031119118,1
2024-01-01 17:43:00,1.100055299951027,1.0989468563787017,-1,lower,38,-0.0010076253188131545,1
2024-01-01 17:44:00,1.099839097771233,1.0987339190324203,-1,lower,41,-0.0010048549292820397,1
2024-01-01 17:45:00,1.0997957798644449,1.098659259430719,-1,lower,41,-0.001033392248391829,1
2024-01-01 17:46:00,1.0998200567526106,1.098659259430719,-1,lower,40,-0.0010554429470208682,1
2024-01-01 17:47:00,1.0998145640101378,1.098659259430719,-1,lower,39,-0.0010504539739920604,1
2024-01-01 17:48:00,1.099911361029519,1.098759468490833,-1,lower,36,-0.0010472594242574296,1
2024-01-01 17:49:00,1.099908591748409,1.098759468490833,-1,lower,35,-0.001044744323480007,1
2024-01-01 17:50:00,1.099693918442766,1.0985308832078386,-1,lower,40,-0.001057599042262991,1
2024-01-01 17:51:00,1.0996315138655277,1.0985308832078386,-1,lower,39,-0.00100090861694202,1
2024-01-01 17:52:00,1.099634059417269,1.0985308832078386,-1,lower,38,-0.0010032212079853497,1
2024-01-01 17:53:00,1.099569449056812,1.0984464938864862,-1,lower,41,-0.001021268071142778,1
2024-01-01 17:54:00,1.0995235510392647,1.0981607878421489,-1,lower,41,-0.0012394124671797346,1
2024-01-01 17:55:00,1.0995526425448516,1.0984464938864862,-1,lower,39,-0.0010059988176694956,1
2024-01-01 17:56:00,1.0995616973197735,1.0984464938864862,-1,lower,38,-0.0010142254281916285,1
2024-01-01 17:57:00,1.0995478157663516,1.0984464938864862,-1,lower,37,-0.0010016134487956796,1
2024-01-01 17:58:00,1.0992601434848257,1.0981607878421489,-1,lower,37,-0.0010000868758797132,1
2024-01-01 17:59:00,1.0993749995526136,1.0981607878421489,-1,lower,36,-0.0011044563601672053,1
2024-01-01 18:00:00,1.0995293316275108,1.0981607878421489,-1,lower,35,-0.00124466328091144,1
2024-01-01 18:01:00,1.0996305588212991,1.0985308832078386,-1,lower,29,-0.001000040972523708,1
2024-01-01 18:02:00,1.0996790879381488,1.0985308832078386,-1,lower,28,-0.0010441270938988945,1
2024-01-01 18:03:00,1.0998211693507225,1.098659259430719,-1,lower,23,-0.0010564534966075456,1
2024-01-01 18:04:00,1.099867762662042,1.098759468490833,-1,lower,20,-0.0010076612924142525,1
2024-01-01 18:05:00,1.100011124215868,1.0988663773277874,-1,lower,18,-0.0010406684649637565,1
2024-01-01 18:06:00,1.1000187250010542,1.0988663773277874,-1,lower,17,-0.001047570961363209,1
2024-01-01 18:07:00,1.0999786958207256,1.0988663773277874,-1,lower,16,-0.001011218214647669,1
2024-01-01 18:08:00,1.099752987829046,1.0986287678698714,-1,lower,21,-0.0010222476970885852,1
2024-01-01 18:09:00,1.099645003621978,1.0985308832078386,-1,lower,21,-0.001013163712352383,1
2024-01-01 18:10:00,1.099616004432179,1.0984716614408332,-1,lower,21,-0.0010406750963366518,1
2024-01-01 18:11:00,1.0994418608765426,1.0981607878421489,-1,lower,24,-0.0011652030725594065,1
2024-01-01 18:12:00,1.0995407712952483,1.0981607878421489,-1,lower,23,-0.0012550543728122587,1
2024-01-01 18:13:00,1.099140760579173,1.0991217519309218,0,time,60,-1.7294098201947605e-05,1
2024-01-01 18:14:00,1.0991456992327873,1.099245795800175,0,time,60,9.106760592114682e-05,1
2024-01-01 18:15:00,1.0992440835376067,1.0980592875681074,-1,lower,21,-0.0010778279248829792,1
2024-01-01 18:16:00,1.0991415506647246,1.0992017039168502,0,time,60,5.472748445289888e-05,1
2024-01-01 18:17:00,1.099340784625743,1.0981607878421489,-1,lower,18,-0.0010733676036551731,1
2024-01-01 18:18:00,1.0991705010992738,1.0980592875681074,-1,lower,18,-0.0010109564713164376,1
2024-01-01 18:19:00,1.0991019502671069,1.0990492132469367,0,time,60,-4.79819184719954e-05,1
2024-01-01 18:20:00,1.099032062970623,1.0990079091004332,0,time,60,-2.1977402665074308e-05,1
2024-01-01 18:21:00,1.0989468563787017,1.0988706584245402,0,time,60,-6.933725113200673e-05,1
2024-01-01 18:22:00,1.0990228127537425,1.0988591111385542,0,time,60,-0.00014895197195963217,1
2024-01-01 18:23:00,1.0988663773277874,1.0986448279977827,0,time,60,-0.00020161626069892247,1
2024-01-01 18:24:00,1.098759468490833,1.0986692451019875,0,time,60,-8.211386698631085e-05,1
2024-01-01 18:25:00,1.0987339190324203,1.098951833467528,0,time,60,0.0001983323089720379,1
2024-01-01 18:26:00,1.098659259430719,1.098846824328978,0,time,60,0.00017072162879339103,1
2024-01-01 18:27:00,1.0986927755335134,1.098883193177182,0,time,60,0.00017331291140609828,1
2024-01-01 18:28:00,1.0986633958137946,1.0988812085473296,0,time,60,0.00019825247147120528,1
2024-01-01 18:29:00,1.0986287678698714,1.0988900117709224,0,time,60,0.00023779087958675227,1
2024-01-01 18:30:00,1.0985308832078386,1.0988923609122454,0,time,60,0.00032905556860751695,1
2024-01-01 18:31:00,1.0984716614408332,1.0987910853375067,0,time,60,0.00029078938300020063,1
2024-01-01 18:32:00,1.098529046130917,1.098794610675534,0,time,60,0.0002417455829251125,1
2024-01-01 18:33:00,1.0984958226394506,1.098661812834106,0,time,60,0.00015110680553753753,1
2024-01-01 18:34:00,1.0984464938864862,1.0986440586573247,0,time,60,0.00017985834716394145,1
2024-01-01 18:35:00,1.0981607878421489,1.0984851350089877,0,time,60,0.00029535489741538967,1
2024-01-01 18:36:00,1.0980592875681074,1.0986406333071286,0,time,60,0.0005294301916143329,1
2024-01-01 18:37:00,1.098233915138758,1.098669111500867,0,time,60,0.00039626927934954814,1
2024-01-01 18:38:00,1.0982093486781377,1.0987021145701246,0,time,60,0.000448699414715481,1
2024-01-01 18:39:00,1.098166052135935,1.098764566688186,0,time,60,0.0005450127975517027,1
2024-01-01 18:40:00,1.0983697260784102,1.098873353627585,0,time,60,0.0004585227881079845,1
2024-01-01 18:41:00,1.09865249507702,1.0987314195543776,0,time,60,7.183752616146677e-05,1
2024-01-01 18:42:00,1.0985864577750482,1.0989686687203772,0,time,60,0.0003479115754831952,1
2024-01-01 18:43:00,1.0988110369291768,1.0989556302366497,0,time,60,0.00013159069449919514,1
2024-01-01 18:44:00,1.0987434428646454,1.0990579892936283,0,time,60,0.0002862783218644527,1
2024-01-01 18:45:00,1.098738968187399,1.0990821594048157,0,time,60,0.00031235009165375693,1
2024-01-01 18:46:00,1.098903665249501,1.099251593229706,0,time,60,0.00031661372257407727,1
2024-01-01 18:47:00,1.0991466709891995,1.0989817200693015,0,time,60,-0.00015007180047188484,1
2024-01-01 18:48:00,1.0992398192020971,1.0989528312544807,0,time,60,-0.00026107855865764584,1
2024-01-01 18:49:00,1.0994192633009643,1.098840098342166,0,time,60,-0.0005267917146178913,1
2024-01-01 18:50:00,1.0996976209941989,1.0984851350089877,-1,lower,45,-0.0011025630701237965,1
2024-01-01 18:51:00,1.0997802071344014,1.0986448279977827,-1,lower,32,-0.0010323691308984362,1
2024-01-01 18:52:00,1.0998459656209816,1.0986448279977827,-1,lower,31,-0.0010920962214201468,1
2024-01-01 18:53:00,1.0998619168606791,1.0986448279977827,-1,lower,30,-0.001106583330360511,1
2024-01-01 18:54:00,1.0997211592791494,1.0984851350089877,-1,lower,41,-0.0011239433375747065,1
2024-01-01 18:55:00,1.099779087356251,1.0986448279977827,-1,lower,28,-0.001031351997422325,1
2024-01-01 18:56:00,1.0997030727294363,1.0984851350089877,-1,lower,39,-0.0011075150653401256,1
2024-01-01 18:57:00,1.0996782794699718,1.0984851350089877,-1,lower,38,-0.00108499411442331,1
2024-01-01 18:58:00,1.099621984028677,1.0984851350089877,-1,lower,37,-0.001033854393783784,1
2024-01-01 18:59:00,1.0996873423637732,1.0984851350089877,-1,lower,36,-0.0010932265094562021,1
2024-01-01 19:00:00,1.099725347583718,1.0984851350089877,-1,lower,35,-0.001127747557565506,1
2024-01-01 19:01:00,1.0996865564116165,1.0984851350089877,-1,lower,34,-0.0010925125851761752,1
2024-01-01 19:02:00,1.0997927966627332,1.0986448279977827,-1,lower,21,-0.0010438044952048031,1
2024-01-01 19:03:00,1.099802099968075,1.0986448279977827,-1,lower,20,-0.0010522547377622704,1
2024-01-01 19:04:00,1.099760066849753,1.0986448279977827,-1,lower,19,-0.0010140746928234412,1
2024-01-01 19:05:00,1.0995960128494642,1.0984851350089877,-1,lower,30,-0.001010259975022798,1
2024-01-01 19:06:00,1.0994430271231506,1.0990089698092875,0,time,60,-0.00039479745939974276,1
2024-01-01 19:07:00,1.099324088942093,1.0989086361187757,0,time,60,-0.00037791660120645165,1
2024-01-01 19:08:00,1.0993850703992043,1.099008836585032,0,time,60,-0.0003422220514925911,1
2024-01-01 19:09:00,1.0994290452091169,1.099127851135923,0,time,60,-0.0002739549900980798,1
2024-01-01 19:10:00,1.0994126534062276,1.0991664216123622,0,time,60,-0.00022396667266155745,1
2024-01-01 19:11:00,1.0994771280891174,1.0992933088756576,0,time,60,-0.00016718784662606012,1
2024-01-01 19:12:00,1.0993982372394324,1.099206886163497,0,time,60,-0.00017405073926257675,1
2024-01-01 19:13:00,1.0991217519309218,1.0992395038666674,0,time,60,0.00010713274988760624,1
2024-01-01 19:14:00,1.099245795800175,1.0992546015734002,0,time,60,8.010740872421707e-06,1
2024-01-01 19:15:00,1.099170975988934,1.0994568573964554,0,time,60,0.0002600882062628873,1
2024-01-01 19:16:00,1.0992017039168502,1.099604054818873,0,time,60,0.00036603919061350965,1
2024-01-01 19:17:00,1.0992061878712116,1.0995515222038088,0,time,60,0.00031416702017117437,1
2024-01-01 19:18:00,1.0991422568731544,1.0994820317914773,0,time,60,0.00030912733651922153,1
2024-01-01 19:19:00,1.0990492132469367,1.0993904237723091,0,time,60,0.0003104597330672032,1
2024-01-01 19:20:00,1.0990079091004332,1.0995028990405544,0,time,60,0.0004503970681397629,1
2024-01-01 19:21:00,1.0988706584245402,1.0995330459520627,0,time,60,0.0006027893478128821,1
2024-01-01 19:22:00,1.0988591111385542,1.099551983488825,0,time,60,0.0006305379308844117,1
2024-01-01 19:23:00,1.0986448279977827,1.099604043291609,0,time,60,0.0008730895275539385,1
2024-01-01 19:24:00,1.0986692451019875,1.099532227689618,0,time,60,0.0007854798807538366,1
2024-01-01 19:25:00,1.098951833467528,1.0996666577625736,0,time,60,0.0006504600777543779,1
2024-01-01 19:26:00,1.098846824328978,1.0998193127395957,0,time,60,0.0008850081640920937,1
2024-01-01 19:27:00,1.098883193177182,1.099751739570893,0,time,60,0.000790390097058058,1
2024-01-01 19:28:00,1.0988812085473296,1.0996470100753193,0,time,60,0.0006968920043706195,1
2024-01-01 19:29:00,1.0988900117709224,1.09959199795556,0,time,60,0.0006388138731976412,1
2024-01-01 19:30:00,1.0988923609122454,1.0995665086432695,0,time,60,0.0006134793133556471,1
2024-01-01 19:31:00,1.0987910853375067,1.0997132520394564,0,time,60,0.0008392557186305272,1
2024-01-01 19:32:00,1.098794610675534,1.0997585025274352,0,time,60,0.0008772265922460942,1
2024-01-01 19:33:00,1.098661812834106,1.0996720769481183,0,time,60,0.0009195405740063389,1
2024-01-01 19:34:00,1.0986440586573247,1.099768058788671,0,time,60,0.0010230794245771335,1
2024-01-01 19:35:00,1.0984851350089877,1.0995564659236476,0,time,60,0.0009752803024059009,1
2024-01-01 19:36:00,1.0986406333071286,1.0995382470206625,0,time,60,0.0008170221329171223,1
2024-01-01 19:37:00,1.098669111500867,1.099485813291235,0,time,60,0.000743355557937031,1
2024-01-01 19:38:00,1.0987021145701246,1.0997692091995537,0,time,60,0.000971231979330911,1
2024-01-01 19:39:00,1.098764566688186,1.0996994477603652,0,time,60,0.0008508474886455009,1
2024-01-01 19:40:00,1.098873353627585,1.0997419829915425,0,time,60,0.0007904726792127281,1
2024-01-01 19:41:00,1.0987314195543776,1.099814242646051,0,time,60,0.000985521185980831,1
2024-01-01 19:42:00,1.0989686687203772,1.0997776899913634,0,time,60,0.000736164090945568,1
2024-01-01 19:43:00,1.0989556302366497,1.0999218380306284,0,time,60,0.0008792054632549284,1
2024-01-01 19:44:00,1.0990579892936283,1.0999971540524085,0,time,60,0.0008545179307453132,1
2024-01-01 19:45:00,1.0990821594048157,1.0999652673928353,0,time,60,0.0008034958810521076,1
2024-01-01 19:46:00,1.099251593229706,1.0999542083869034,0,time,60,0.000639175927990232,1
2024-01-01 19:47:00,1.0989817200693015,1.099936295379938,0,time,60,0.0008685998076258805,1
2024-01-01 19:48:00,1.0989528312544807,1.0996336117714258,0,time,60,0.0006194811074538009,1
2024-01-01 19:49:00,1.098840098342166,1.0996249917531624,0,time,60,0.0007142926547551998,1
2024-01-01 19:50:00,1.0991054155475046,1.0999009174642562,0,time,60,0.0007237721746238268,1
2024-01-01 19:51:00,1.0992033658534806,1.0998731640119297,0,time,60,0.0006093487149478882,1
2024-01-01 19:52:00,1.0989345015678842,1.099887222855978,0,time,60,0.0008669500199824931,1
2024-01-01 19:53:00,1.098841078322896,1.1001477081969315,0,time,60,0.001189098132397648,1
2024-01-01 19:54:00,1.098727660176314,1.1001907311812282,0,time,60,0.0013316047806417597,1
2024-01-01 19:55:00,1.09867083838755,1.100111952985284,0,time,60,0.0013116891314317591,1
2024-01-01 19:56:00,1.0987628654439752,1.100123126798094,0,time,60,0.001237993562486439,1
2024-01-01 19:57:00,1.098838209580839,1.10012299883355,0,time,60,0.0011692251338810689,1
2024-01-01 19:58:00,1.0988205612309805,1.1000628804172463,0,time,60,0.0011305933198719753,1
2024-01-01 19:59:00,1.0986846138766186,1.100054766050235,0,time,60,0.0012470841552807421,1
2024-01-01 20:00:00,1.098725373755546,1.1000523838265193,0,time,60,0.0012077722993120155,1
2024-01-01 20:01:00,1.0987130648982626,1.1001016667345205,0,time,60,0.001263843928520636,1
2024-01-01 20:02:00,1.0985878739192714,1.1003087542497023,0,time,60,0.0015664475926642218,1
2024-01-01 20:03:00,1.098758823711686,1.100451470242627,0,time,60,0.0015405077933507982,1
2024-01-01 20:04:00,1.0987092559738778,1.1005894123794129,0,time,60,0.0017112410724786642,1
2024-01-01 20:05:00,1.0987955357879509,1.1006275741632623,0,time,60,0.001667315087877208,1
2024-01-01 20:06:00,1.0990089698092875,1.1006551661243034,0,time,60,0.0014978916098395967,1
2024-01-01 20:07:00,1.0989086361187757,1.100692621758237,0,time,60,0.001623415797114891,1
2024-01-01 20:08:00,1.099008836585032,1.1008690556475922,0,time,60,0.001692633398963972,1
2024-01-01 20:09:00,1.099127851135923,1.100802534283263,0,time,60,0.0015236472677944146,1
2024-01-01 20:10:00,1.0991664216123622,1.1008570520924623,0,time,60,0.001538102371813732,1
2024-01-01 20:11:00,1.0992933088756576,1.1007215104979124,0,time,60,0.0012991997774602915,1
2024-01-01 20:12:00,1.099206886163497,1.1006789153365155,0,time,60,0.001339173900335,1
2024-01-01 20:13:00,1.0992395038666674,1.1006479131988331,0,time,60,0.001281257930789037,1
2024-01-01 20:14:00,1.0992546015734002,1.100732878827508,0,time,60,0.001344799696077592,1
2024-01-01 20:15:00,1.0994568573964554,1.1007368498225814,0,time,60,0.0011642043228117238,1
2024-01-01 20:16:00,1.099604054818873,1.1008556204770672,0,time,60,0.001138196656068402,1
2024-01-01 20:17:00,1.0995515222038088,1.100756395468016,0,time,60,0.0010957860908529238,1
2024-01-01 20:18:00,1.0994820317914773,1.100587146912959,0,time,60,0.0010051234031365208,1
2024-01-01 20:19:00,1.0993904237723091,1.1005160335163888,0,time,60,0.0010238489618796809,1
2024-01-01 20:20:00,1.0995028990405544,1.1006168933426332,0,time,60,0.00101317995891681,1
2024-01-01 20:21:00,1.0995330459520627,1.1003418896271104,0,time,60,0.0007356247072569655,1
2024-01-01 20:22:00,1.099551983488825,1.1004055120148717,0,time,60,0.0007762511812661188,1
2024-01-01 20:23:00,1.099604043291609,1.100552137219849,0,time,60,0.0008622139342102653,1
2024-01-01 20:24:00,1.099532227689618,1.1004588160203803,0,time,60,0.000842711388923334,1
2024-01-01 20:25:00,1.0996666577625736,1.100417059810229,0,time,60,0.000682390470201355,1
2024-01-01 20:26:00,1.0998193127395957,1.1004044922370924,0,time,60,0.0005320687595846696,1
2024-01-01 20:27:00,1.099751739570893,1.100472028768979,0,time,60,0.0006549561798077086,1
2024-01-01 20:28:00,1.0996470100753193,1.100502874505438,0,time,60,0.0007783083319254924,1
2024-01-01 20:29:00,1.09959199795556,1.100637024573866,0,time,60,0.0009503767035854427,1
2024-01-01 20:30:00,1.0995665086432695,1.1007221747405167,0,time,60,0.001051019732015268,1
2024-01-01 20:31:00,1.0997132520394564,1.1008320067661004,0,time,60,0.0010173149451180308,1
2024-01-01 20:32:00,1.0997585025274352,1.1010449361693782,0,time,60,0.0011697419378768892,1
2024-01-01 20:33:00,1.0996720769481183,1.101053814348954,0,time,60,0.0012564994872565904,1
2024-01-01 20:34:00,1.099768058788671,1.1011146495447286,0,time,60,0.0012244315929132998,1
2024-01-01 20:35:00,1.0995564659236476,1.10116369562925,0,time,60,0.001461707293269665,1
2024-01-01 20:36:00,1.0995382470206625,1.1010789639292269,0,time,60,0.0014012399411653664,1
2024-01-01 20:37:00,1.099485813291235,1.101128676880586,0,time,60,0.001494210811536556,1
2024-01-01 20:38:00,1.0997692091995537,1.1012221397264668,0,time,60,0.0013211231181591288,1
2024-01-01 20:39:00,1.0996994477603652,1.1012379869796185,0,time,60,0.0013990542801367578,1
2024-01-01 20:40:00,1.0997419829915425,1.1015205234315186,0,time,60,0.0016172342853895127,1
2024-01-01 20:41:00,1.099814242646051,1.1016517762922662,0,time,60,0.001670767275930185,1
2024-01-01 20:42:00,1.0997776899913634,1.1013962727602782,0,time,60,0.0014717363187533028,1
2024-01-01 20:43:00,1.0999218380306284,1.1016989853985604,0,time,60,0.0016157033222596873,1
2024-01-01 20:44:00,1.0999971540524085,1.1016940435734428,0,time,60,0.001542630828437197,1
2024-01-01 20:45:00,1.0999652673928353,1.101556846717002,0,time,60,0.001446935981841646,1
2024-01-01 20:46:00,1.0999542083869034,1.1015860081209603,0,time,60,0.0014835160605912723,1
2024-01-01 20:47:00,1.099936295379938,1.1016164616971584,0,time,60,0.0015275123880151842,1
2024-01-01 20:48:00,1.0996336117714258,1.10151788353699,0,time,60,0.0017135450802825414,1
2024-01-01 20:49:00,1.0996249917531624,1.1015518544395717,0,time,60,0.0017522907362601536,1
2024-01-01 20:50:00,1.0999009174642562,1.1016161562406936,0,time,60,0.0015594484459489077,1
2024-01-01 20:51:00,1.0998731640119297,1.1016403871485705,0,time,60,0.0016067517550792942,1
2024-01-01 20:52:00,1.099887222855978,1.1017570525199878,0,time,60,0.0017000194430429882,1
2024-01-01 20:53:00,1.1001477081969315,1.1018755131902809,0,time,60,0.0015705209223051408,1
2024-01-01 20:54:00,1.1001907311812282,1.1017671125297217,0,time,60,0.0014328255127189493,1
2024-01-01 20:55:00,1.100111952985284,1.101767588760613,0,time,60,0.001504970263104921,1
2024-01-01 20:56:00,1.100123126798094,1.1016016203450214,0,time,60,0.0013439346114199058,1
2024-01-01 20:57:00,1.10012299883355,1.101509227924448,0,time,60,0.001260067367347073,1
2024-01-01 20:58:00,1.1000628804172463,1.1014371021865723,0,time,60,0.0012492211070740389,1
2024-01-01 20:59:00,1.100054766050235,1.101581381916692,0,time,60,0.0013877635128463073,1
2024-01-01 21:00:00,1.1000523838265193,1.1014721961538196,0,time,60,0.001290677015181485,1
2024-01-01 21:01:00,1.1001016667345205,1.1015406765625355,0,time,60,0.0013080698552947467,1
2024-01-01 21:02:00,1.1003087542497023,1.1017065691818744,0,time,60,0.0012703842687549205,1
2024-01-01 21:03:00,1.100451470242627,1.1016267047761823,0,time,60,0.001067956711708673,1
2024-01-01 21:04:00,1.1005894123794129,1.1016107639416004,0,time,60,0.0009280041682204754,1
2024-01-01 21:05:00,1.1006275741632623,1.1016346302592384,0,time,60,0.0009149835235970905,1
2024-01-01 21:06:00,1.1006551661243034,1.1015720240619966,0,time,60,0.0008330110700536242,1
2024-01-01 21:07:00,1.100692621758237,1.101538029123126,0,time,60,0.0007680685308297797,1
2024-01-01 21:08:00,1.1008690556475922,1.1015401351531575,0,time,60,0.0006095906703187381,1
2024-01-01 21:09:00,1.100802534283263,1.1015174511986765,0,time,60,0.0006494506445509085,1
2024-01-01 21:10:00,1.1008570520924623,1.1014442978316568,0,time,60,0.0005334441361648512,1
2024-01-01 21:11:00,1.1007215104979124,1.1013460668284778,0,time,60,0.0005674063099601057,1
2024-01-01 21:12:00,1.1006789153365155,1.1011989843623835,0,time,60,0.0004724983995072485,1
2024-01-01 21:13:00,1.1006479131988331,1.1012584281380082,0,time,60,0.0005546868638497404,1
2024-01-01 21:14:00,1.100732878827508,1.1012836452655352,0,time,60,0.0005003633929914209,1
2024-01-01 21:15:00,1.1007368498225814,1.1011845301949297,0,time,60,0.0004067097166962075,1
2024-01-01 21:16:00,1.1008556204770672,1.101253142999444,0,time,60,0.000361103231870441,1
2024-01-01 21:17:00,1.100756395468016,1.101329483668587,0,time,60,0.0005206312703978089,1
2024-01-01 21:18:00,1.100587146912959,1.1014403705650362,0,time,60,0.0007752440635624414,1
2024-01-01 21:19:00,1.1005160335163888,1.1013481770300788,0,time,60,0.0007561393822050899,1
2024-01-01 21:20:00,1.1006168933426332,1.1015997435112224,0,time,60,0.0008929993483963727,1
2024-01-01 21:21:00,1.1003418896271104,1.101718696137296,0,time,60,0.001251253381485018,1
2024-01-01 21:22:00,1.1004055120148717,1.101797691031555,0,time,60,0.0012651508934502509,1
2024-01-01 21:23:00,1.100552137219849,1.1021643113920634,0,time,60,0.0014648775988814755,1
2024-01-01 21:24:00,1.1004588160203803,1.1024443766149643,0,time,60,0.0018043025015370695,1
2024-01-01 21:25:00,1.100417059810229,1.1025924398868467,0,time,60,0.001976868731018211,1
2024-01-01 21:26:00,1.1004044922370924,1.1025246846665957,0,time,60,0.0019267391622448393,1
2024-01-01 21:27:00,1.100472028768979,1.1023312956616451,0,time,60,0.0016895176288540537,1
2024-01-01 21:28:00,1.100502874505438,1.1023213119338795,0,time,60,0.001652369539933085,1
2024-01-01 21:29:00,1.100637024573866,1.102477954156174,0,time,60,0.0016726037205778699,1
2024-01-01 21:30:00,1.1007221747405167,1.1024758772706278,0,time,60,0.0015932290366771351,1
2024-01-01 21:31:00,1.1008320067661004,1.1024641951736145,0,time,60,0.0014826861841608086,1
2024-01-01 21:32:00,1.1010449361693782,1.1025400418504347,0,time,60,0.0013578970593681738,1
2024-01-01 21:33:00,1.101053814348954,1.1026732362488336,0,time,60,0.0014707926885817457,1
2024-01-01 21:34:00,1.1011146495447286,1.1026902564234444,0,time,60,0.0014309199131692374,1
2024-01-01 21:35:00,1.10116369562925,1.1025407979374873,0,time,60,0.0012505881856650358,1
2024-01-01 21:36:00,1.1010789639292269,1.1027484485590249,0,time,60,0.0015162260696002239,1
2024-01-01 21:37:00,1.101128676880586,1.1027858382975988,0,time,60,0.0015049661786190605,1
2024-01-01 21:38:00,1.1012221397264668,1.1029185467308704,0,time,60,0.001540476660617296,1
2024-01-01 21:39:00,1.1012379869796185,1.1029609971910992,0,time,60,0.001564612038317259,1
2024-01-01 21:40:00,1.1015205234315186,1.1029221162406568,0,time,60,0.0012724164274051653,1
2024-01-01 21:41:00,1.1016517762922662,1.1027802382380345,0,time,60,0.0010243363375370684,1
2024-01-01 21:42:00,1.1013962727602782,1.1027090771615744,0,time,60,0.0011919455637943166,1
2024-01-01 21:43:00,1.1016989853985604,1.1027031643768188,0,time,60,0.0009114821666964534,1
2024-01-01 21:44:00,1.1016940435734428,1.1026435521341875,0,time,60,0.0008618622985969715,1
2024-01-01 21:45:00,1.101556846717002,1.1025482329774878,0,time,60,0.0008999864722736284,1
2024-01-01 21:46:00,1.1015860081209603,1.102550024160631,0,time,60,0.0008751164526090704,1
2024-01-01 21:47:00,1.1016164616971584,1.1024780103101106,0,time,60,0.0007820767416863994,1
2024-01-01 21:48:00,1.10151788353699,1.1027376720789728,0,time,60,0.001107370620317072,1
2024-01-01 21:49:00,1.1015518544395717,1.102869656719316,0,time,60,0.0011963143400222087,1
2024-01-01 21:50:00,1.1016161562406936,1.1029768035369891,0,time,60,0.0012351373830052914,1
2024-01-01 21:51:00,1.1016403871485705,1.1030058228651507,0,time,60,0.0012394568431850495,1
2024-01-01 21:52:00,1.1017570525199878,1.103069978809211,0,time,60,0.0011916658815300796,1
2024-01-01 21:53:00,1.1018755131902809,1.1030935150515675,0,time,60,0.0011053897166297677,1
2024-01-01 21:54:00,1.1017671125297217,1.1031403551851875,0,time,60,0.0012464001147327597,1
2024-01-01 21:55:00,1.101767588760613,1.10320109309352,0,time,60,0.0013010950290519574,1
2024-01-01 21:56:00,1.1016016203450214,1.1033440462493818,0,time,60,0.001581720535064779,1
2024-01-01 21:57:00,1.101509227924448,1.1034740496385989,0,time,60,0.0017837542022711705,1
2024-01-01 21:58:00,1.1014371021865723,1.1032511862593135,0,time,60,0.0016470155845846879,1
2024-01-01 21:59:00,1.101581381916692,1.1032571133440754,0,time,60,0.0015212052916759866,1
2024-01-01 22:00:00,1.1014721961538196,1.103173976506621,0,time,60,0.0015450052745260567,1
2024-01-01 22:01:00,1.1015406765625355,1.103400197092592,0,time,60,0.0016881088185134452,1
2024-01-01 22:02:00,1.1017065691818744,1.103518963893,0,time,60,0.0016450793358449012,1
2024-01-01 22:03:00,1.1016267047761823,1.1034047936217757,0,time,60,0.001614057500498367,1
2024-01-01 22:04:00,1.1016107639416004,1.103513555112285,0,time,60,0.0017272808445301102,1
2024-01-01 22:05:00,1.1016346302592384,1.1036330871616322,0,time,60,0.001814083224601859,1
2024-01-01 22:06:00,1.1015720240619966,1.1037991749382814,1,upper,60,0.0020217932442332387,1
2024-01-01 22:07:00,1.101538029123126,1.1037991749382814,1,upper,59,0.0020527169787822874,1
2024-01-01 22:08:00,1.1015401351531575,1.1037991749382814,1,upper,58,0.0020508011583344476,1
2024-01-01 22:09:00,1.1015174511986765,1.1037991749382814,1,upper,57,0.002071436759464751,1
2024-01-01 22:10:00,1.1014442978316568,1.1037991749382814,1,upper,56,0.002137990192750072,1
2024-01-01 22:11:00,1.1013460668284778,1.1036330871616322,1,upper,54,0.0020765683031314097,1
2024-01-01 22:12:00,1.1011989843623835,1.1034740496385989,1,upper,45,0.002065989261271106,1
2024-01-01 22:13:00,1.1012584281380082,1.1034740496385989,1,upper,44,0.0020118996994527016,1
2024-01-01 22:14:00,1.1012836452655352,1.103518963893,1,upper,48,0.002029739238455619,1
2024-01-01 22:15:00,1.1011845301949297,1.1034740496385989,1,upper,42,0.002079142397018563,1
2024-01-01 22:16:00,1.101253142999444,1.1034740496385989,1,upper,41,0.0020167085590383493,1
2024-01-01 22:17:00,1.101329483668587,1.1036330871616322,1,upper,48,0.002091656972055045,1
2024-01-01 22:18:00,1.1014403705650362,1.1037991749382814,1,upper,48,0.0021415633894326103,1
2024-01-01 22:19:00,1.1013481770300788,1.1036330871616322,1,upper,46,0.0020746483075997357,1
2024-01-01 22:20:00,1.1015997435112224,1.1038622538394434,1,upper,47,0.0020538406454322367,1
2024-01-01 22:21:00,1.101718696137296,1.1033984903401894,0,time,60,0.0015247033646454966,1
2024-01-01 22:22:00,1.101797691031555,1.1034929512581215,0,time,60,0.0015386311301663902,1
2024-01-01 22:23:00,1.1021643113920634,1.1036868326206997,0,time,60,0.0013813922415191193,1
2024-01-01 22:24:00,1.1024443766149643,1.1037151521875197,0,time,60,0.0011526890603381634,1
2024-01-01 22:25:00,1.1025924398868467,1.1037245303981935,0,time,60,0.0010267533772161386,1
2024-01-01 22:26:00,1.1025246846665957,1.1038002657854475,0,time,60,0.0011569637728678916,1
2024-01-01 22:27:00,1.1023312956616451,1.1037527901676545,0,time,60,0.0012895347447756667,1
2024-01-01 22:28:00,1.1023213119338795,1.1038687007200556,0,time,60,0.00140375475773169,1
2024-01-01 22:29:00,1.102477954156174,1.1039773037575262,0,time,60,0.0013599814814435618,1
2024-01-01 22:30:00,1.1024758772706278,1.1039868157781012,0,time,60,0.00137049575289927,1
2024-01-01 22:31:00,1.1024641951736145,1.104119571796602,0,time,60,0.0015015241585480954,1
2024-01-01 22:32:00,1.1025400418504347,1.1040096115397715,0,time,60,0.001332894619292313,1
2024-01-01 22:33:00,1.1026732362488336,1.1040133045881246,0,time,60,0.0012152905278175474,1
2024-01-01 22:34:00,1.1026902564234444,1.1040397520819465,0,time,60,0.001223821150718285,1
2024-01-01 22:35:00,1.1025407979374873,1.1040134917056983,0,time,60,0.0013357272320135838,1
2024-01-01 22:36:00,1.1027484485590249,1.1040455193184884,0,time,60,0.0011762163539277282,1
2024-01-01 22:37:00,1.1027858382975988,1.1041003273011392,0,time,60,0.0011919712403720695,1
2024-01-01 22:38:00,1.1029185467308704,1.103823866252783,0,time,60,0.0008208398748901224,1
2024-01-01 22:39:00,1.1029609971910992,1.1037956046821626,0,time,60,0.0007566971934538369,1
2024-01-01 22:40:00,1.1029221162406568,1.1038309890142954,0,time,60,0.00082405888888748,1
2024-01-01 22:41:00,1.1027802382380345,1.1039616139017276,0,time,60,0.0010712702519775075,1
2024-01-01 22:42:00,1.1027090771615744,1.1039596033357002,0,time,60,0.0011340490434201822,1
2024-01-01 22:43:00,1.1027031643768188,1.1041759330247194,0,time,60,0.0013355984597476223,1
2024-01-01 22:44:00,1.1026435521341875,1.1040829214289205,0,time,60,0.0013053804123255297,1
2024-01-01 22:45:00,1.1025482329774878,1.1040489209840514,0,time,60,0.0013611087131406574,1
2024-01-01 22:46:00,1.102550024160631,1.1039331824675582,0,time,60,0.001254508436458801,1
2024-01-01 22:47:00,1.1024780103101106,1.1039687660311526,0,time,60,0.0013521863539234236,1
2024-01-01 22:48:00,1.1027376720789728,1.10379453792445,0,time,60,0.0009584018685828699,1
2024-01-01 22:49:00,1.102869656719316,1.1036339492150595,0,time,60,0.0006930034669891949,1
2024-01-01 22:50:00,1.1029768035369891,1.1037179242784911,0,time,60,0.0006719277677693647,1
2024-01-01 22:51:00,1.1030058228651507,1.1036829906718444,0,time,60,0.000613929493984644,1
2024-01-01 22:52:00,1.103069978809211,1.103599126803326,0,time,60,0.0004797048276903304,1
2024-01-01 22:53:00,1.1030935150515675,1.1036099712628205,0,time,60,0.00046818896512945685,1
2024-01-01 22:54:00,1.1031403551851875,1.1036610185957398,0,time,60,0.00047198292411754217,1
2024-01-01 22:55:00,1.10320109309352,1.1034380221235975,0,time,60,0.00021476504289275056,1
2024-01-01 22:56:00,1.1033440462493818,1.103511150136791,0,time,60,0.0001514522038499333,1
2024-01-01 22:57:00,1.1034740496385989,1.1035517574530729,0,time,60,7.042106200816356e-05,1
2024-01-01 22:58:00,1.1032511862593135,1.1035760001452375,0,time,60,0.000294415170334128,1
2024-01-01 22:59:00,1.1032571133440754,1.1035668813611117,0,time,60,0.00028077590734709723,1
2024-01-01 23:00:00,1.103173976506621,1.1032655256335344,0,time,60,8.298702549458525e-05,1
2024-01-01 23:01:00,1.103400197092592,1.103256850325759,0,time,60,-0.00012991366796089032,1
2024-01-01 23:02:00,1.103518963893,1.1030852934198765,0,time,60,-0.0003929886910086777,1
2024-01-01 23:03:00,1.1034047936217757,1.102886381765691,0,time,60,-0.00046982925856520197,1
2024-01-01 23:04:00,1.103513555112285,1.1028566633419408,0,time,60,-0.0005952729509312027,1
2024-01-01 23:05:00,1.1036330871616322,1.1027784154158575,0,time,60,-0.0007744165662636471,1
2024-01-01 23:06:00,1.1037991749382814,1.102656130560096,-1,lower,60,-0.0010355546589798648,1
2024-01-01 23:07:00,1.1038622538394434,1.102656130560096,-1,lower,59,-0.001092639299108522,1
2024-01-01 23:08:00,1.103838492580674,1.102656130560096,-1,lower,58,-0.001071136790866678,1
2024-01-01 23:09:00,1.1038781943888534,1.102656130560096,-1,lower,57,-0.0011070640175422364,1
2024-01-01 23:10:00,1.103918784506806,1.1027784154158575,-1,lower,55,-0.0010330190109573145,1
2024-01-01 23:11:00,1.1038912186963226,1.1027784154158575,-1,lower,54,-0.0010080733152123544,1
2024-01-01 23:12:00,1.103713509138213,1.1025716797319438,-1,lower,58,-0.0010345342308628602,1
2024-01-01 23:13:00,1.103654959014438,1.102497968124261,-1,lower,58,-0.0010483266357178556,1
2024-01-01 23:14:00,1.1036747132449216,1.102497968124261,-1,lower,57,-0.0010662064705648788,1
2024-01-01 23:15:00,1.1036461564089528,1.102497968124261,-1,lower,56,-0.0010403590661953732,1
2024-01-01 23:16:00,1.1037250377774852,1.1025716797319438,-1,lower,54,-0.0010449686344561337,1
2024-01-01 23:17:00,1.1036824088977306,1.1025716797319438,-1,lower,53,-0.001006384768690971,1
2024-01-01 23:18:00,1.103512608647588,1.1024009893123987,-1,lower,54,-0.0010073462926278864,1
2024-01-01 23:19:00,1.1035487833972983,1.1024009893123987,-1,lower,53,-0.0010400936525579718,1
2024-01-01 23:20:00,1.1033667192342238,1.1022600479180893,-1,lower,53,-0.0010029950123042752,1
2024-01-01 23:21:00,1.1033984903401894,1.1022600479180893,-1,lower,52,-0.0010317599961090496,1
2024-01-01 23:22:00,1.1034929512581215,1.1022600479180893,-1,lower,51,-0.0011172734167685938,1
2024-01-01 23:23:00,1.1036868326206997,1.1025716797319438,-1,lower,47,-0.0010103888673818062,1
2024-01-01 23:24:00,1.1037151521875197,1.1025716797319438,-1,lower,46,-0.0010360213441933386,1
2024-01-01 23:25:00,1.1037245303981935,1.1025716797319438,-1,lower,45,-0.0010445094174302838,1
2024-01-01 23:26:00,1.1038002657854475,1.102656130560096,-1,lower,40,-0.0010365419005742282,1
2024-01-01 23:27:00,1.1037527901676545,1.1025716797319438,-1,lower,43,-0.001070086024907102,1
2024-01-01 23:28:00,1.1038687007200556,1.102656130560096,-1,lower,38,-0.0010984731781675805,1
2024-01-01 23:29:00,1.1039773037575262,1.1028566633419408,-1,lower,35,-0.0010150937086942369,1
2024-01-01 23:30:00,1.1039868157781012,1.1028566633419408,-1,lower,34,-0.0010237010261430202,1
2024-01-01 23:31:00,1.104119571796602,1.102886381765691,-1,lower,32,-0.0011168989866778833,1
2024-01-01 23:32:00,1.1040096115397715,1.102886381765691,-1,lower,31,-0.001017409415950521,1
2024-01-01 23:33:00,1.1040133045881246,1.102886381765691,-1,lower,30,-0.0010207511247828371,1
2024-01-01 23:34:00,1.1040397520819465,1.102886381765691,-1,lower,29,-0.0010446818731666419,1
2024-01-01 23:35:00,1.1040134917056983,1.102886381765691,-1,lower,28,-0.0010209204402618077,1
2024-01-01 23:36:00,1.1040455193184884,1.102886381765691,-1,lower,27,-0.001049900146791738,1
2024-01-01 23:37:00,1.1041003273011392,1.102886381765691,-1,lower,26,-0.0010994884300192798,1
2024-01-01 23:38:00,1.103823866252783,1.102656130560096,-1,lower,28,-0.0010579003846431512,1
2024-01-01 23:39:00,1.1037956046821626,1.102656130560096,-1,lower,27,-0.0010323234820225347,1
2024-01-01 23:40:00,1.1038309890142954,1.102656130560096,-1,lower,26,-0.0010643463228448002,1
2024-01-01 23:41:00,1.1039616139017276,1.1028566633419408,-1,lower,23,-0.0010008958154638092,1
2024-01-01 23:42:00,1.1039596033357002,1.1027784154158575,-1,lower,23,-0.0010699557450052355,1
2024-01-01 23:43:00,1.1041759330247194,1.102886381765691,-1,lower,20,-0.001167885678775682,1
2024-01-01 23:44:00,1.1040829214289205,1.102886381765691,-1,lower,19,-0.0010837407589647796,1
2024-01-01 23:45:00,1.1040489209840514,1.102886381765691,-1,lower,18,-0.0010529779942396456,1
2024-01-01 23:46:00,1.1039331824675582,1.1027784154158575,-1,lower,19,-0.001046047958373264,1
2024-01-01 23:47:00,1.1039687660311526,1.1028566633419408,-1,lower,17,-0.0010073678924902296,1
2024-01-01 23:48:00,1.10379453792445,1.102656130560096,-1,lower,18,-0.0010313580338010553,1
2024-01-01 23:49:00,1.1036339492150595,1.102497968124261,-1,lower,22,-0.0010293096652258527,1
2024-01-01 23:50:00,1.1037179242784911,1.1025716797319438,-1,lower,20,-0.0010385303358162457,1
2024-01-01 23:51:00,1.1036829906718444,1.1025716797319438,-1,lower,19,-0.0010069113588713208,1
2024-01-01 23:52:00,1.103599126803326,1.1024009893123987,-1,lower,20,-0.001085663681519855,1
2024-01-01 23:53:00,1.1036099712628205,1.102497968124261,-1,lower,18,-0.0010076051934244656,1
2024-01-01 23:54:00,1.1036610185957398,1.102497968124261,-1,lower,17,-0.0010538113169554775,1
2024-01-01 23:55:00,1.1034380221235975,1.1022600479180893,-1,lower,18,-0.001067549043888505,1
2024-01-01 23:56:00,1.103511150136791,1.1024009893123987,-1,lower,16,-0.0010060259239379477,1
2024-01-01 23:57:00,1.1035517574530729,1.1024009893123987,-1,lower,15,-0.0010427858348303065,1
2024-01-01 23:58:00,1.1035760001452375,1.1024009893123987,-1,lower,14,-0.0010647303245848727,1
2024-01-01 23:59:00,1.1035668813611117,1.1024009893123987,-1,lower,13,-0.0010564761125080313,1
2024-01-02 00:00:00,1.1032655256335344,1.1020789828395012,-1,lower,15,-0.0010754825257064393,1
2024-01-02 00:01:00,1.103256850325759,1.1020789828395012,-1,lower,14,-0.0010676276208119173,1
2024-01-02 00:02:00,1.1030852934198765,1.1017921888356357,-1,lower,15,-0.001172261648264561,1
2024-01-02 00:03:00,1.102886381765691,1.1017583534290123,-1,lower,15,-0.0010227965049970367,1
2024-01-02 00:04:00,1.1028566633419408,1.1016343088933296,-1,lower,15,-0.0011083529612153642,1
2024-01-02 00:05:00,1.1027784154158575,1.1016343088933296,-1,lower,14,-0.001037476347500399,1
2024-01-02 00:06:00,1.102656130560096,1.1013580682967634,-1,lower,15,-0.0011772140265280395,1
2024-01-02 00:07:00,1.1027630661594705,1.1016343088933296,-1,lower,12,-0.0010235718811947292,1
2024-01-02 00:08:00,1.1027522902001756,1.1016343088933296,-1,lower,11,-0.0010138100068176614,1
2024-01-02 00:09:00,1.1027133942713194,1.1013580682967634,-1,lower,12,-0.001229082716866392,1
2024-01-02 00:10:00,1.1025716797319438,1.1013580682967634,-1,lower,11,-0.0011007097837625324,1
2024-01-02 00:11:00,1.102497968124261,1.1013580682967634,-1,lower,10,-0.001033924651522966,1
2024-01-02 00:12:00,1.1024009893123987,1.1012644950629369,-1,lower,25,-0.0010309263693337734,1
2024-01-02 00:13:00,1.1022600479180893,1.1010965142177471,-1,lower,35,-0.0010555891076156065,1
2024-01-02 00:14:00,1.1021929705198594,1.1010424856276104,-1,lower,35,-0.0010438143982232084,1
2024-01-02 00:15:00,1.1020789828395012,1.1009516761462663,-1,lower,53,-0.0010228910185097195,1
2024-01-02 00:16:00,1.1020517415547058,1.1011775595596842,0,time,60,-0.0007932313539001923,1
2024-01-02 00:17:00,1.1017921888356357,1.1010434230062114,0,time,60,-0.0006795889796746835,1
2024-01-02 00:18:00,1.1017583534290123,1.1011045920948856,0,time,60,-0.0005933799658445205,1
2024-01-02 00:19:00,1.1016343088933296,1.101022943641094,0,time,60,-0.0005549620661775556,1
2024-01-02 00:20:00,1.1016162897312218,1.1011317826236966,0,time,60,-0.0004398147631272664,1
2024-01-02 00:21:00,1.1013580682967634,1.1011998390550986,0,time,60,-0.00014366739230375902,1
2024-01-02 00:22:00,1.1014780721061277,1.1013570007021272,0,time,60,-0.00010991721675313038,1
2024-01-02 00:23:00,1.1014707881295236,1.1012664609765983,0,time,60,-0.00018550392359684142,1
2024-01-02 00:24:00,1.1016620279993292,1.1012742502994417,0,time,60,-0.00035199334281466044,1
2024-01-02 00:25:00,1.1016263018170138,1.1013252641626468,0,time,60,-0.0002732665822071656,1
2024-01-02 00:26:00,1.1017242067342616,1.1012855111069568,0,time,60,-0.0003981900593844623,1
2024-01-02 00:27:00,1.1017238016676965,1.101295479873632,0,time,60,-0.0003887742040391551,1
2024-01-02 00:28:00,1.1018092542684743,1.1013747746032738,0,time,60,-0.00039433292424917443,1
2024-01-02 00:29:00,1.1017630387995916,1.1015338755190884,0,time,60,-0.00020799688538553074,1
2024-01-02 00:30:00,1.1016289389474008,1.101450363453402,0,time,60,-0.00016210130987415194,1
2024-01-02 00:31:00,1.101612186533164,1.1014439034344183,0,time,60,-0.00015276074539016804,1
2024-01-02 00:32:00,1.101519057506082,1.1016246757464745,0,time,60,9.588416984041004e-05,1
2024-01-02 00:33:00,1.1014092623744491,1.101579507608207,0,time,60,0.00015457036686883363,1
2024-01-02 00:34:00,1.101325403400612,1.1014449242356386,0,time,60,0.00010852454202692208,1
2024-01-02 00:35:00,1.1013948354391194,1.1016914944871543,0,time,60,0.0002693485010909491,1
2024-01-02 00:36:00,1.1013391198384292,1.1017256398933672,0,time,60,0.0003509546224007565,1
2024-01-02 00:37:00,1.1012644950629369,1.1017666013479983,0,time,60,0.0004559361418736696,1
2024-01-02 00:38:00,1.1013089985558902,1.1018166355401728,0,time,60,0.00046093964995130854,1
2024-01-02 00:39:00,1.1012840522290113,1.101563394656897,0,time,60,0.0002536515691118346,1
